t,v,ep,epe,epi,idc,mdc,tn,ctl,ctl_ua,bn,p,ab,v_l,ep_l,epe_l,epi_l,idc_l,mdc_l,cd4n_l,cd8n_l,ctl_l,th1_l,tfh_l,ctl_site_l,bn_l,p_l,abg_l,aba_l,abm_l,mr_l,ma_l,igamma_l,i2_l,i6_l,i12_l
0.0,1000.0,5.5e6,0.0,0.0,2.5e6,0.0,16000.0,0.0,0.0,33000.0,0.0,0.0,0.0,5.5e8,0.0,0.0,1.2e6,0.0,100000.0,33000.0,0.0,0.0,0.0,0.0,60000.0,0.0,0.0,0.0,0.0,400000.0,0.0,0.0,0.0,0.0,0.0
0.5,931.0082439807223,5.49968966869859e6,255.72405613394432,111.56592096861193,2.4999501838992215e6,60.623283561019285,15999.820719233321,0.5594004141785517,1.377679461774098e-20,32999.97358796379,0.3067173701083077,1.5944980488005184e-6,41.26542706448909,5.499999934859209e8,5.801705664438499,0.6736609233804256,1.2000000025295597e6,0.0,99999.99932496797,32999.99999529231,4.694244439859176e-6,1.4006854391265828e-19,0.0006725882837499925,7.299407219695114e-53,59999.9999904578,9.409232191077694e-6,4.1468614460795565e-12,4.825670891047737e-12,4.475272924707222e-12,400000.0,6.150390724902327e-18,9.628142162506406e-15,7.949821077483698e-9,8.016282274334811e-7,2.1070169810525678e-22
1.0,1663.576643799892,5.499369564331733e6,468.3433161852174,346.49198716702597,2.499886783833327e6,129.03736276440162,15999.308907641938,2.1416544946341105,0.0014399107484632527,32999.89818524146,1.1466040711095415,1.1694687240970624e-5,96.92502096156544,5.499999736745178e8,21.243989809934114,4.522595913991366,1.200000005595238e6,0.004324380209278721,99999.9855776873,32999.9996778834,0.0003201949726517812,6.806820888717447e-6,0.017048074384809375,6.390556514002196e-9,59999.99950365993,0.0004823889252380851,4.3416221720010777e-10,5.039011841109703e-10,4.666994919890025e-10,400000.0,7.016983598230808e-15,2.556051093393208e-12,2.576288517701235e-7,9.892058200596021e-6,8.277232040156831e-9
1.5,3582.7311259681173,5.498707043101785e6,943.175528681096,768.0278645308165,2.4997574584510284e6,268.7219766024672,15998.250313861232,5.3939049564661055,0.010724252280045438,32999.74222062255,2.8371765402228593,3.977572615967375e-5,228.0958201596361,5.499999274964631e8,54.998356344413644,14.83237057470867,1.199999979052043e6,0.04427854623702219,99999.98982706574,32999.99652955927,0.0034388426313172516,0.0007786993519399335,0.10946044510766995,9.103532315772188e-7,59999.99519520669,0.004603035643012304,6.265614419946519e-9,7.252754659874808e-9,6.708450568538159e-9,400000.0,7.168289510513527e-13,8.681005917931404e-11,1.8166902998488655e-6,4.2762021986961996e-5,2.574432807040489e-7
2.0,7715.307732725838,5.497254565610937e6,2006.0177499877502,1640.7577477218717,2.4994783347862237e6,572.2439814056881,15996.0148685741,12.244074654727077,0.036965342929620865,32999.41283668104,6.370572703877358,0.00010470202805737881,534.6433921199118,5.499998187507157e8,133.02627898744197,39.49321345685783,1.199999915202551e6,0.13373947455610283,100000.05409896123,32999.98143890166,0.01833631094375776,0.005564102018683136,0.42269442245094224,1.49366534479382e-5,59999.97572812482,0.022938603505003322,4.132157645513576e-8,4.770796078872715e-8,4.4071049667551024e-8,400000.0,2.9366278920908184e-11,1.278993443060997e-9,7.351930256219251e-6,0.0001299655935766291,1.0813063371044336e-6
2.5,16526.515041613227,5.494130504405402e6,4294.2233165728885,3506.8366748773933,2.4988805281002987e6,1223.300539259969,15991.242560208471,26.853248632422005,0.09831987485700637,32998.70951266297,13.887494305783369,0.00024750228955067367,1225.941543469369,5.499995670479231e8,311.8336038267528,97.04021362901808,1.1999997660927554e6,0.33730287564049527,100000.18916885993,32999.9300437433,0.06891774138641518,0.020697811762294703,1.2851936820834238,0.00010606531856344428,59999.91146828549,0.08265519150718623,1.8179498291830742e-7,2.0938160960426407e-7,1.9318784551029568e-7,399999.9999999993,7.028947271782833e-10,1.1904350465446078e-8,2.2899523689826105e-5,0.00034115590102361373,3.051917575738619e-6
3.0,35360.74377107976,5.487449751020898e6,9184.221161183366,7500.396840071248,2.497606037359619e6,2611.8360212025673,15981.052907084964,58.031668297929016,0.23413690746503857,32997.207147408706,29.919224357496645,0.0005562439979197988,2760.8061312972786,5.499989961169902e8,714.2409587652011,228.76378173483008,1.1999994115667928e6,0.8089096630025486,100000.45621069842,32999.78339808123,0.21287832737343654,0.05999402902715606,3.444760102100767,0.0004895010772328074,59999.73117089123,0.2483887527947809,6.313849687109027e-7,7.255936511882137e-7,6.687509757590296e-7,399999.9999999878,1.232346762651029e-8,8.61005887622093e-8,6.218939764637356e-5,0.000834291676617738,7.64239686248248e-6
3.5,75620.125497204,5.47319390802455e6,19613.23721417249,16032.061601905838,2.494901756251149e6,5559.147167926084,15959.358946285485,124.39314969937219,0.5287687972438505,32994.00561098996,64.05287847637385,0.0012185861589040425,6138.339774808486,5.499977202044332e8,1608.1063114380963,525.3615620076346,1.1999985880393637e6,1.8830127394952085,100001.01540573999,32999.404165637025,0.584471180799527,0.15511859970296463,8.587841253046395,0.0017561991421029544,59999.26933560264,0.6693847314321084,1.8910250015008645e-6,2.1689937706116323e-6,1.9971885254610514e-6,399999.99999982124,1.7944132582155365e-7,5.374202597534591e-7,0.0001562398570415423,0.0019604119669895206,1.820629460500163e-5
4.0,161547.72785759723,5.442881813431283e6,41769.988233587486,34212.18169684912,2.4892184663867983e6,11757.061690105973,15913.452971652072,264.78422339180827,1.1617691743860628,32987.21755056034,136.365273566796,0.002631850024736359,13519.927245816649,5.499948991841432e8,3575.384115873074,1184.8837571155923,1.1999967167426127e6,4.289465574243989,100002.21467330965,32998.47944095463,1.4895121371283147,0.37738123823137293,20.469342023553764,0.00538120725517188,59998.149608997956,1.6838256379370884,5.1396175386148135e-6,5.885438354289676e-6,5.414919283840028e-6,399999.99999768526,2.323827387581642e-6,3.058484253198929e-6,0.0003742316646053261,0.004490986037513165,4.2120592971420694e-5
4.5,344337.3161957625,5.378916780100662e6,88445.25754300265,72752.95943840934,2.477510613194971e6,24540.71997939557,15817.532395799366,558.0228957680705,2.5125836883947663,32972.97484389007,287.89505336357774,0.00562703775428272,29555.688411332412,5.499887130288835e8,7874.031608760842,2637.5698710604015,1.1999925288570696e6,9.618971909543733,100004.80410658693,32996.30845206074,3.613657767575477,0.8848958224676859,47.358476719782956,0.014867807911750906,59995.529858285074,4.046964242065581,1.307820968378058e-5,1.495559307199897e-5,1.3750832988917711e-5,399999.99997229484,2.7817027663188094e-5,1.636177736501465e-5,0.0008687264014951089,0.010109814266928363,9.551164724649766e-5
5.0,730449.1279363309,5.246090369026408e6,185013.15107505233,153571.0708605759,2.4543342005628343e6,49906.802638137626,15622.150510059624,1154.9048226488221,5.371748784672083,32943.71320730803,598.4385608027071,0.011899286607987902,64177.474881144764,5.49975241741291e8,17207.189020534068,5813.022606382877,1.199983255609252e6,21.322172469929118,100010.43617988363,32991.3453419183,8.474745937491495,2.025066687500094,107.28819146983433,0.03829208081634859,59989.55122494152,9.425322487084154,3.1781918617095985e-5,3.6303715317552195e-5,3.3361232313435695e-5,399999.99968667293,0.0003146208363085754,8.371012267805235e-5,0.0019728613153307778,0.02247116558484763,0.00021349743597841303
5.5,1.5341150433885409e6,4.979395471834222e6,377379.735619133,319215.6188315596,2.411729820074065e6,96731.1367260604,15243.009971978438,2311.549434678091,11.338761761163568,32885.944993371675,1208.5173737020161,0.024741273679246077,138335.7369306587,5.499461093888216e8,37333.30245591662,12706.345108899408,1.1999628790808946e6,46.84488107724406,100022.8805850073,32980.235585751216,19.39453469243787,4.556861041980089,239.15106735215042,0.09389992459616088,59976.166780214444,21.45455087263126,7.472044200272979e-5,8.527427339455444e-5,7.832850356669316e-5,399999.99661430024,0.0033999446359646453,0.0004131058932090046,0.004406360347565033,0.0494596699126108,0.0004723890576337724
6.0,3.157202798638811e6,4.479444965931821e6,731870.1691919045,643221.3081752576,2.342375047289505e6,173395.65396018935,14566.056412958049,4371.223832944983,23.468274172904863,32779.38783635738,2323.556689465156,0.05000661806080504,295206.3953894355,5.498836543594775e8,80335.8442784975,27555.42649143653,1.1999183583082908e6,102.14743524237612,100051.25212413464,32955.86820129069,43.55033400371798,10.136207781913452,525.4801056632783,0.2222921681804913,59946.72446493794,47.95868943082932,0.00017137086088847884,0.0001954323013144692,0.00017945047346107416,399999.96498933615,0.035160771312423844,0.001968123072500223,0.009700880766547803,0.10796452073372742,0.0010392093377514806
6.0,3.157202798638811e6,4.479444965931821e6,731870.1691919045,643221.3081752576,2.342375047289505e6,173395.65396018935,14566.056412958049,4371.223832944983,23.468274172904863,32779.38783635738,2323.556689465156,0.05000661806080504,295206.3953894355,5.498836543594775e8,80335.8442784975,27555.42649143653,1.1999183583082908e6,102.14743524237612,100051.25212413464,32955.86820129069,43.55033400371798,10.136207781913452,525.4801056632783,0.2222921681804913,59946.72446493794,47.95868943082932,0.00017137086088847884,0.0001954323013144692,0.00017945047346107416,399999.96498933615,0.035160771312423844,2000.0019681230724,0.009700880766547803,0.10796452073372742,0.0010392093377514806
6.5,6.247126266617213e6,3.6592378844725685e6,1.2919498600444058e6,1.2216992614310854e6,2.246621670047612e6,279589.67060532636,13496.816509972816,7608.825719759652,47.005970091485416,32601.28800272177,4157.915086727419,0.09672417125546696,598175.8401980483,5.498514180264045e8,85728.08794795568,45488.54603196976,1.1998208605772804e6,221.0861882629445,99771.81007951162,32899.80490401654,100.3009609630974,140.5341456771433,1363.381852221104,0.5126292372343565,59878.612040747714,110.09037060211571,0.00038812941127547214,0.00044241783934587515,0.00040614805412975407,399703.7324804268,297.63812630158935,270.6822167303093,0.02586338833628358,0.4194091601627558,0.04676406564341058
7.0,1.153107184189632e7,2.596511062474124e6,1.9580975275174198e6,2.0982328995864224e6,2.135437711093882e6,401504.3933724297,12041.87780790179,11978.92736799517,89.50209291049799,32336.513424422756,6818.37748716404,0.17635303149895817,1.116651350403488e6,5.496811436212316e8,209712.2363740237,77549.67166541156,1.1996026449592886e6,473.9766455800362,97826.40634567056,32728.576564568903,281.8400754735667,951.644667021244,3924.07890212026,1.1656154034267507,59687.16104600702,290.55070100223537,0.0009302098945487752,0.0010611317621328576,0.0009745151772243992,399252.42833738,754.0246742880566,36.72751739274017,0.08524379453573003,1.2210770827299557,0.1818208526699504
7.0,1.153107184189632e7,2.596511062474124e6,1.9580975275174198e6,2.0982328995864224e6,2.135437711093882e6,401504.3933724297,12041.87780790179,11978.92736799517,89.50209291049799,32336.513424422756,6818.37748716404,0.17635303149895817,1.116651350403488e6,5.496811436212316e8,209712.2363740237,77549.67166541156,1.1996026449592886e6,473.9766455800362,97826.40634567056,32728.576564568903,281.8400754735667,951.644667021244,3924.07890212026,1.1656154034267507,59687.16104600702,290.55070100223537,0.0009302098945487752,0.0010611317621328576,0.0009745151772243992,399252.42833738,754.0246742880566,2036.72751739274,0.08524379453573003,1.2210770827299557,0.1818208526699504
7.5,1.912800959815012e7,1.6309616758830654e6,2.4485522867329507e6,3.1230015139724878e6,2.0227739627127831e6,519551.41960758413,10336.970337408842,17035.62579017902,159.30354299713719,31985.186568043035,10227.422686253089,0.30044919005802406,1.9999473760838856e6,5.495704377380254e8,247339.95000227177,125615.55532896936,1.1991432084321827e6,980.1134724923943,93441.43427560013,32282.274911044853,793.3684169985397,3040.486025787335,9005.909328010506,2.8539596922263724,59226.92305137226,738.1543369428316,0.002355632758527928,0.002689875962653567,0.0024715273764150413,398433.5871724977,1584.1067222972538,276.1747829258666,0.21755386775758923,2.7595096925006075,0.4386625900279195
8.0,2.7674721762634248e7,1.0471710615767328e6,2.6050673278951673e6,3.9602356214594436e6,1.917518659742352e6,619649.3270834185,8579.259567249299,22151.8007634898,262.6718772233806,31560.764190806214,14162.883746225423,0.4780800555229224,3.3344627860151604e6,5.490438225114962e8,634637.1819727506,223112.74103996815,1.1982601706856878e6,1908.0974982851876,86827.61540258228,31442.88500061057,1889.0412713195753,6998.102263477141,16591.967104885607,7.727964172639681,58385.15707609273,1597.008876628089,0.00566664470689589,0.006467794130875569,0.005941411379414534,397211.2058162748,2827.957234497012,39.41115269768406,0.4368856106907808,5.405877110993666,0.879819841251402
8.0,2.7674721762634248e7,1.0471710615767328e6,2.6050673278951673e6,3.9602356214594436e6,1.917518659742352e6,619649.3270834185,8579.259567249299,22151.8007634898,262.6718772233806,31560.764190806214,14162.883746225423,0.4780800555229224,3.3344627860151604e6,5.490438225114962e8,634637.1819727506,223112.74103996815,1.1982601706856878e6,1908.0974982851876,86827.61540258228,31442.88500061057,1889.0412713195753,6998.102263477141,16591.967104885607,7.727964172639681,58385.15707609273,1597.008876628089,0.00566664470689589,0.006467794130875569,0.005941411379414534,397211.2058162748,2827.957234497012,2039.411152697684,0.4368856106907808,5.405877110993666,0.879819841251402
8.5,3.458541335016879e7,787050.1819306355,2.5662827948305616e6,4.356806783363036e6,1.8230154572386148e6,696358.7443461908,6937.630673571069,26801.710527334708,401.5454103588751,31082.695253963997,18355.237421792397,0.7144178846052592,5.276715208482833e6,5.487413818323992e8,718560.7326924152,361041.30223887536,1.1966422328084307e6,3532.5791214420565,79220.46390184446,30262.681303450685,3775.5641514429844,13162.176554836646,25905.668824763936,20.225098370512985,57188.89313989536,2932.4604426785827,0.012169657833782299,0.013863176229818159,0.012722648388261206,395167.86830890685,4908.777687055956,281.81911483038385,0.7366707408094401,9.815768124412756,1.5957291932063127
9.0,3.760155871259029e7,695245.7124318421,2.4822694976298255e6,4.29363574413269e6,1.7397223712620407e6,749957.9655870665,5510.935405022838,30688.383472912876,573.409577444866,30570.453560600028,22559.82518325212,1.0106783595557383,7.688135517960322e6,5.475000000295185e8,1.587132441127301e6,587280.381795855,1.193881462653062e6,6170.350003217286,71994.3069385192,28951.11072787697,6554.077279575244,21626.432606697424,35970.42529046379,47.02770197914743,55829.951649587536,4715.060585905255,0.023193583594651162,0.026342063648964787,0.024139306415283182,392498.003708553,7639.939636100255,51.17323590462455,1.1002018208612734,16.532337832968274,2.684516345623184
9.0,3.760155871259029e7,695245.7124318421,2.4822694976298255e6,4.29363574413269e6,1.7397223712620407e6,749957.9655870665,5510.935405022838,30688.383472912876,573.409577444866,30570.453560600028,22559.82518325212,1.0106783595557383,7.688135517960322e6,5.475000000295185e8,1.587132441127301e6,587280.381795855,1.193881462653062e6,6170.350003217286,71994.3069385192,28951.11072787697,6554.077279575244,21626.432606697424,35970.42529046379,47.02770197914743,55829.951649587536,4715.060585905255,0.023193583594651162,0.026342063648964787,0.024139306415283182,392498.003708553,7639.939636100255,2051.1732359046246,1.1002018208612734,16.532337832968274,2.684516345623184
9.5,3.604367514522929e7,696569.8974029516,2.3935645025865696e6,3.8980981966323974e6,1.6670743471837954e6,783047.7452407959,4332.756783367113,33723.84590283944,772.7453561725038,30040.82551205383,26585.255531189294,1.364799257239849,1.0632035626976313e7,5.468797248908626e8,1.6738780125023653e6,826975.7207740534,1.1894466740261076e6,10201.640655910405,66207.9773930997,27728.75051883674,10231.261740726184,32076.149097997866,46058.926527571995,96.18322472596708,54589.6459989965,6858.769314618384,0.03985563674753176,0.04509854985924602,0.04125256870915598,388706.59654642694,11524.682294440352,302.10468277233434,1.5064040399433731,26.224377925635544,4.224656579774107
10.0,3.0916283298948355e7,769572.2114733645,2.294604780897201e6,3.3352572104634787e6,1.6043242558521335e6,798530.7209616296,3394.081275776826,35954.22864243497,992.7864701966423,29507.390868871687,30294.262792271762,1.7723039508346043,1.3517874984144738e7,5.447582558634429e8,3.018408420052472e6,1.0848992466402745e6,1.18291869496586e6,15814.223872301707,62061.52229668885,26701.8215977331,14765.331285919036,44128.29024263966,55848.23012900351,176.0446496063384,53712.75261858427,9274.953497690556,0.06298038375775858,0.07096740729223322,0.06478311682380392,384476.5522222432,15888.724106501624,80.71290943182856,1.9403729355834305,38.763268593767066,6.252420503846653
10.0,3.0916283298948355e7,769572.2114733645,2.294604780897201e6,3.3352572104634787e6,1.6043242558521335e6,798530.7209616296,3394.081275776826,35954.22864243497,992.7864701966423,29507.390868871687,30294.262792271762,1.7723039508346043,1.3517874984144738e7,5.447582558634429e8,3.018408420052472e6,1.0848992466402745e6,1.18291869496586e6,15814.223872301707,62061.52229668885,26701.8215977331,14765.331285919036,44128.29024263966,55848.23012900351,176.0446496063384,53712.75261858427,9274.953497690556,0.06298038375775858,0.07096740729223322,0.06478311682380392,384476.5522222432,15888.724106501624,2080.7129094318284,1.9403729355834305,38.763268593767066,6.252420503846653
10.5,2.413089301421278e7,913544.9944060275,2.171944939113422e6,2.742408767045444e6,1.5509351533466207e6,798692.0154885567,2664.909862216392,37489.80341681749,1226.829487241807,28980.99220432265,33593.27980173043,2.227067443178545,1.6103010772358146e7,5.438178665870527e8,2.968031677528815e6,1.1891793844932818e6,1.1738754529059418e6,23140.83533668466,59342.93759169105,25866.0431999897,20098.759221739114,57321.91495037972,65258.37563429394,294.5418612433616,53344.78786993738,11900.708604087748,0.09314764115392946,0.10448697129408135,0.09517289624339874,379601.1450430867,20943.802604629098,339.8983009875166,2.39078766812076,53.77901142919752,8.700874396347558
11.0,1.7489017290341992e7,1.1337149635489865e6,2.0151895334435056e6,2.200376188155474e6,1.5068384220959526e6,784927.2606599788,2108.79334515135,38458.49376779417,1468.9531176607538,28470.509862926127,36419.528631296176,2.7218916034640825,1.736565036692614e7,5.412259667195238e8,4.328858131581073e6,1.1906274785854241e6,1.1624141052865942e6,31754.992693481843,57596.48176933072,25158.01446169062,26164.804103440238,71288.11239182366,74313.7646496778,458.9070562642665,53528.46580430214,14703.637266844591,0.1307853556103774,0.1460124793939398,0.13269270563668364,375350.3064405848,25420.79148424016,123.99222567999821,2.8504363364130207,69.56934744156857,11.389519530701953
11.5,1.204452231112677e7,1.4313992280929685e6,1.8218324699934053e6,1.7381021485943445e6,1.4725996177549944e6,757951.8002768048,1690.685157881099,38981.12690663396,1714.2859585368763,27983.577043455472,38730.01596513226,3.248890970924146,1.7698296866553668e7,5.379283786932093e8,5.857627813039732e6,1.2415418219463173e6,1.1489710767340516e6,40975.912397322296,56451.613910925895,24506.41387370926,32883.11443307674,85664.7353581825,83048.23384580693,675.5792358495459,54241.29247418918,17673.775000381997,0.1762526064656312,0.19581560668724735,0.17753585631842908,372212.41345891485,28821.75319184398,114.57950176813873,3.3127089286925417,84.6667801007086,13.936868122549788
12.0,8.061310848028828e6,1.797452463496424e6,1.5992496146101567e6,1.3550180400199129e6,1.449329188503902e6,718428.5583038938,1380.2530191424735,39161.310504696754,1959.007944223285,27526.98064446149,40495.15862088373,3.7997416242007063,1.7160591308790952e7,5.34761637254883e8,6.821282077707945e6,1.1725438466650294e6,1.134976792533065e6,49384.32535199682,55609.944471012925,23852.38147567677,40155.28988307987,100157.67542264704,91487.2567288222,950.1179398507336,55423.56856028239,20814.554097209464,0.22989389543317518,0.2541488266314049,0.2298783679077137,370154.7018525257,31168.596044045826,132.52511264996215,3.7720579494979503,97.71443803216604,16.10955009070305
12.5,5.3334575265025385e6,2.211963609783631e6,1.362082062951266e6,1.0413803276480752e6,1.4381921133069375e6,667717.6137218346,1152.6617127553584,39083.374030474864,2200.2273801348856,27106.61024452884,41698.171025092335,4.365875158953215,1.5496956127559472e7,5.31985783013364e8,7.172928364653952e6,980827.9066546235,1.1215010083960888e6,56124.22401802973,54874.50605338526,23162.606325618843,47866.825937381946,114539.09831062033,99632.57772987407,1287.063378210151,57003.80660525402,24134.797609740377,0.2920667391865203,0.3212776568997535,0.2899088889783621,369417.0963438546,32209.5726831764,151.37033995816492,4.223877583746692,107.36528261545203,17.74294024850591
13.0,3.519568910365115e6,2.6496138698276686e6,1.1265272212440183e6,787571.7607873178,1.4397336184056643e6,608231.629966372,988.2280464286971,38813.853063032264,2435.819486824093,26727.064910230867,42338.40582920905,4.9386948523802925,1.2903034009957245e7,5.297108814483361e8,7.001821958228007e6,753723.4953759718,1.1093432020906354e6,60702.8029413747,54203.587934022464,22434.899878060107,55896.22968722521,128624.17430219067,107476.94941863105,1689.787403865207,58921.169240882686,27644.40764672355,0.36315001269368996,0.3974900587507115,0.3578372272528541,370233.8060257639,31695.931952823827,164.67260364763794,4.664220772135194,112.65164381537669,18.667168688418446
13.5,2.3215623435704466e6,3.0858531305481177e6,905815.7322085794,585404.1709133132,1.4534784931044623e6,543186.2190455042,871.7147364292713,38404.061580799804,2664.2689760685,26391.234223264855,42434.658587739155,5.509843723398714,9.914887973341975e6,5.279569538943817e8,6.446393935092133e6,547749.0325510842,1.0994915610172541e6,62559.85408626051,53635.922252362136,21685.78103574864,64126.864144141866,142267.75678359586,115021.1459276586,2160.4033870894223,61112.84620539615,31352.18436919062,0.44354341061376135,0.4830954111859048,0.43389317729621163,372546.55542550393,29670.41603342987,168.92870334348137,5.090065992030624,113.13912786435046,18.76410004053306
14.0,1.5283662543604218e6,3.5005154084195355e6,708717.7903752355,427329.6002639633,1.4779831154478237e6,476033.9293140554,791.5619740492599,37892.80252255721,2884.5325137259306,26100.11181281453,42025.50245037909,6.071498295149874,7.061158414161831e6,5.2667523724776876e8,5.661506385206118e6,382592.4073327156,1.0927422713197856e6,61438.12961038274,53231.10179180133,20937.77274109339,72456.01257852111,155359.722889104,122278.9783714416,2699.787604906719,63499.57899556907,35263.12855466067,0.5336599685680246,0.5784154931176886,0.5183179823190865,376001.3691435275,26473.613963508364,161.86457125540232,5.499366927391621,108.99446531011678,18.03295574985674
14.5,1.0015634217208369e6,3.879030167878489e6,539883.877908955,306143.696049694,1.511172307234884e6,409939.62406683416,739.1435145979764,37308.94443148233,3095.924433693953,25852.89199968443,41166.363499530045,6.6166383864829115,4.683215155690874e6,5.2578236955583256e8,4.7847872595595075e6,259527.18611402603,1.0893401633475882e6,57638.117704704855,53043.632534731405,20209.723184137376,80798.99956714494,167814.48541360366,129275.55104632153,3307.706210695652,65978.83434465788,39374.981080785066,0.633909504684087,0.6837651555548186,0.611346357495256,380092.0407196656,22602.78477222986,143.2201116652623,5.8908354253757595,100.95676197968116,16.60092371163105
15.0,651648.4991229571,4.212428600447075e6,400647.8381743092,215131.81062964047,1.5507384856651241e6,347443.69610392995,708.0901575941494,36673.733907900605,3298.0249456042193,25647.271409569847,39924.53393507116,7.139252783741938,2.908665715866824e6,5.251895570171529e8,3.917425540801258e6,172301.12088292564,1.0889889588195954e6,51892.29283226663,53108.20890915462,19508.849042499398,89087.50201569381,179555.9142544955,136042.29582885242,3983.00507675596,68420.68896677223,43674.23693895863,0.7446713037126356,0.799420943852305,0.7131775545619439,384314.4463680023,18558.26974332214,115.80348151987128,6.2635582508053655,90.16345257922715,14.683984418228553
15.5,420083.5821167367,4.496782892923782e6,289842.8946023561,148240.2082275149,1.5944688049421431e6,290318.6056297234,693.7141110141838,36002.74546595638,3490.6087846467904,25479.854565381833,38373.46494651677,7.634461136602412,1.7037890975329645e6,5.2481875495938057e8,3.121603879123289e6,112602.45405753373,1.0910597660171436e6,45091.25954751701,53430.21086919613,18825.009616597297,97262.05622556155,190500.2609780746,142609.8158292989,4723.807268413064,70665.45503213914,48131.68456483145,0.866254775265509,0.925576431485677,0.823934421331639,388273.0164410729,14736.417272858916,85.15150058061805,6.616519108326541,77.89437125295815,12.527531345130422
16.0,267931.4364616617,4.732300390349261e6,204596.74569840718,100166.7522960972,1.64045057889715e6,239578.47632859714,692.5488018892765,35307.43132129804,3673.5914475025343,25346.57896886273,36587.36780524575,8.09855052168102,950297.7291051586,5.2460700621054435e8,2.428560092709653e6,72729.53097013551,1.094820037392531e6,38048.190656997474,53982.55033849154,18128.250608565628,105260.01741250417,200541.6218306451,148999.5256394928,5527.659688614604,72526.06309570666,52697.765263250534,0.9988472367707139,1.062283531827047,0.9436098831835436,391724.96280774486,11383.99817199757,57.172348641000866,6.948130623978429,65.32990714945475,10.353111081748876
16.5,168937.46359074107,4.922226167419607e6,141082.96959160164,66397.9984723075,1.687160143397298e6,195588.01935806603,701.9994208469253,34596.29429605399,3846.9897125529196,25243.09949654738,34636.77918798747,8.528937686696882,511022.97139857686,5.2450461570102227e8,1.8493033221821967e6,46571.1127996563,1.0996005137528435e6,31366.17543102127,54709.365247829934,17370.457884056803,113001.46156455135,209545.53392723436,155215.4097173967,6391.577986895931,73798.95896755917,57298.631433076844,1.1424496898782937,1.209381051754642,1.0720021220327627,394571.97090019,8604.991872756551,35.509702173073286,7.255912664288857,53.38925688499022,8.325750162739697
17.0,105276.40498212895,5.071719198468341e6,95167.39573549498,43210.576924842215,1.7334663318030373e6,158218.38082981776,720.0881746012565,33875.74165263445,4010.893184321846,25165.097283253475,32585.397098823767,8.924074962542742,268970.26495436963,5.244729981762117e8,1.3823410938244069e6,29655.111982458027,1.1048799637225633e6,25405.142134748818,55535.37622168206,16491.888793638245,120376.61504396604,217355.47950500078,161237.26225742028,7311.958725618008,74285.5453430225,61834.37191326817,1.2968049735013838,1.3664157842468194,1.2086434401157493,396821.76218555367,6397.756709420094,20.794545085503994,7.536444408127725,42.66878992658364,6.544333141723504
17.5,64852.12376928019,5.186848607436727e6,62894.15945529199,27636.568515246476,1.7785842444778278e6,127009.01522074208,745.2744684696047,33150.68807527046,4165.444000523207,25108.50068675741,30488.21007798323,9.283319950240557,140820.1415304255,5.244840045395708e8,1.0178951501247886e6,18841.47763093939,1.1103013009439681e6,20315.903034307466,56378.323079013426,15433.02114705675,127239.26814578226,223813.7252375498,167016.54700398253,8284.358690449058,73822.25163538072,66181.08879191079,1.46132741497479,1.5325668042150133,1.3527327042622934,398542.7553737603,4699.537261566078,11.729272040936063,7.785653800374576,33.46291361120956,5.049254888111022
18.0,39513.07446229203,5.273805485806338e6,40790.445045075954,17393.383695266053,1.822008281383672e6,101309.94828829195,776.3310733943592,32424.971973405718,4310.822389646483,25069.622436135265,28390.752503285345,9.606787636881254,74409.57530529163,5.245190692880576e8,741073.8029750875,11982.686699836378,1.115646598928227e6,16103.31423010132,57161.45738225124,14150.869612411583,133410.7351863015,228792.34798802718,172475.67345628745,9303.181283942502,72312.40044652842,70198.00125974696,1.6350473719460166,1.7065883530604042,1.5030855310227023,399827.14355975133,3422.9754753141947,6.502681997394172,7.999394325964009,25.83187208898074,3.8385535222196454
18.5,23829.848401634696,5.338364580127417e6,26005.800758029243,10786.83250583996,1.8634434428203667e6,80392.65416568771,812.2602598225023,31701.63881938428,4447.236320418305,25045.22678540357,26329.223902220965,9.895200052395978,40087.802882033764,5.2456712833663946e8,535146.5879608603,7647.485962224408,1.1207975225752096e6,12689.340333665261,57824.135036332664,12636.444208405166,138697.3178961625,232224.77574704067,177511.25508276862,10361.354483407633,69749.94520737584,73739.45774325593,1.8165855196149094,1.886788081826274,1.658117515516701,400767.6459830358,2479.2487595927064,3.6012741252912717,8.174140018330046,19.68207888847294,2.885001505707497
19.0,14238.72335993459,5.385578948975858e6,16326.013573007594,6601.513275627294,1.9027449940469938e6,63527.77046726019,852.237385498606,30983.13320506169,4574.913966464866,25032.544293057756,24331.191499275483,10.149744266437592,22125.080071400844,5.246220614619157e8,384229.43270263483,4906.142728489223,1.1256984655177472e6,9960.975596173306,58330.134702645235,10927.27770911815,142920.25821064672,234126.2433094845,182001.85274566678,11450.121657382493,66226.39703906325,76670.08346243967,2.004168628116896,2.071053503290249,1.8158720421565357,401446.07771496475,1789.5602687349392,2.013398186010967,8.307576743833705,14.836629696046144,2.1498845749245588
19.5,8437.775379351953,5.419659950271089e6,10108.828063686331,3992.663978037198,1.9398702737567548e6,50033.676013427685,895.5727238718869,30271.43016814826,4694.098094135563,25029.251471577103,22416.625739480292,10.371945388899816,12516.013311888759,5.246806142869177e8,274761.87094411487,3166.878149577825,1.130329474853478e6,7799.994942973917,58673.376079394606,9108.070338640342,145951.54203393759,234595.39936446227,185820.40782696818,12559.074988115792,61917.81165147245,78880.02699210533,2.1956910033505794,2.2569305148709327,1.9740958097535097,401929.39116048126,1289.2307484994633,1.1420061756772482,8.398924290534517,11.087163976358084,1.5922689426545982
20.0,4964.060696169162,5.443984896576684e6,6183.145638936387,2389.8059641232403,1.9748426930456115e6,39302.37987677454,941.6850805012269,29568.127116430624,4805.041769841043,25033.429843501646,20599.07267440713,10.563557812945954,7245.057944294605,5.2474107247941643e8,195917.69504339524,2057.6867129163015,1.1346892136701876e6,6098.061106425823,58879.01740148218,7295.669266095484,147744.25759318052,233797.30678433354,188850.46807441974,13676.520693494294,57055.74691060783,80297.01496632384,2.388815993111688,2.4417465096491484,2.130354707883675,402269.6930037507,927.8324200362123,0.6578985448554183,8.448957143341671,8.227159972077937,1.174311287379058
20.5,2902.237582964145,5.461179444183564e6,3741.446792031226,1417.4962328243544,2.0077261879616745e6,30809.39140660006,990.082879642024,28874.51059540529,4908.004988842398,25043.515379250755,18886.825873516416,10.726475417717259,4282.263597073475,5.248025237886301e8,139406.47828941603,1345.9377042986573,1.1387853680852028e6,4762.436337652114,58997.304809542926,5611.664436013766,148345.97765089863,231935.40009144697,191003.50258949512,14790.172117465429,51891.057709757835,80892.79299979722,2.581103344841431,2.622760811212724,2.2821737337720016,402506.17927884555,667.3936766767349,0.38469385039897247,8.459810300795922,6.070317622917747,0.8636899357868468
21.0,1687.8274369991666,5.473233832336606e6,2242.7263507471876,834.2177243048982,2.0386078365865112e6,24113.30799797461,1040.3499528705693,28191.607030002815,5003.251967597056,25058.245830617176,17284.01265966727,10.862659793631668,2579.3061923967553,5.248644733957512e8,99041.81698506657,886.1660835153834,1.1426296511019485e6,3716.673817303863,59090.282868323746,4152.945537923425,147889.42546594885,229222.4430860185,192233.165376149,15888.049317846246,46660.271899507694,80683.11372920254,2.770143549468921,2.797320155587564,2.427180181800074,402667.7167669022,479.9340336359102,0.22808187200176727,8.434689812488083,4.45836965161685,0.6341928085351294
21.5,977.2509226928127,5.481625596362989e6,1333.3844176429602,487.67490433419584,2.0675864558369466e6,18849.513721673226,1092.1343249105842,27520.223075313745,5091.0489335119055,25076.610594781498,15791.550112736086,10.974084613692503,1580.51955789634,5.249266471292216e8,70282.1896083603,587.1274041245317,1.14623532244442e6,2899.0955964544073,59215.66900892206,2972.2423813108503,146564.0396484546,225858.00191482675,192542.5408448673,16959.377002330504,41561.50513533909,79722.06986104754,2.9536806941988463,2.9629978435225106,2.5632303794587417,402775.3140228614,345.0837585775136,0.13700121301292853,8.377566754481595,3.262267539950498,0.4652940751587354
22.0,563.7924737209427,5.487432982745037e6,787.1622851368621,283.48234719428,2.094765372240689e6,14721.062256226038,1145.1389837519455,26860.97894299905,5171.662303809077,25097.80559345817,14407.954851575238,11.062693861003192,983.8343994002946,5.2498888994695807e8,49828.90978612381,391.30472610747626,1.1496159859189359e6,2260.5598636832906,59413.97556634241,2075.1087481108752,144579.50080084408,222015.31257116012,191982.46043761022,17995.26662991369,36742.461952682796,78092.6936299105,3.1297099319475845,3.1177009044441566,2.6885057174633045,402844.16622733476,248.1069773172842,0.08332223305932804,8.292879570333163,2.379805628191036,0.3412988744476028
22.5,324.33051453092014,5.491431764057134e6,461.8965093432194,164.01165038579126,2.120247997668934e6,11488.72258365959,1199.1140497713516,26214.33667074277,5245.357180545766,25121.194183648924,13130.00875516299,11.130371559804361,621.2663655487877,5.2505111252104175e8,35303.167172731504,262.22483638455395,1.1527850130191767e6,1762.2078802070762,59702.921868111036,1431.0538533637564,142133.53853971057,217836.59681311643,190641.92053281018,18989.050290450938,32299.21036651581,75896.10406821762,3.2965423845251136,3.259737661798808,2.8015712869962286,402885.22977035097,178.37697860810144,0.05128538086710578,8.18524702252691,1.7317354291268383,0.2503986165065074
23.0,186.16636595720516,5.494173564433075e6,269.64722788818244,94.52462088524048,2.1441352319404124e6,8961.349299627089,1253.8500095194245,25580.62448105461,5312.396109926059,25146.274198825755,11953.292988825522,11.178920803295206,397.4751418243882,5.251132625072576e8,24998.08952683531,176.60608380998792,1.1557552724332432e6,1373.4571115939145,60079.281941211164,990.8220698999497,139391.68617321822,213434.08836726437,188633.93249921987,19936.25847769521,28282.309456322986,73241.17321000183,3.4528368866709847,3.3878458340275293,2.901397642369324,402906.39249957714,128.24220283739692,0.03193080589395757,8.059201643951345,1.2575711046647347,0.1838049862226793
23.5,106.68922045671845,5.496046814943138e6,156.73970270827851,54.30861163596496,2.1665240236338424e6,6987.178284176722,1309.1718194309533,24960.05791789352,5373.038066559676,25172.650703535815,10872.60739239998,11.210050123768267,257.3313371449462,5.25175308767228e8,17693.339054448636,119.48324036015417,1.1585390111777755e6,1070.3121393819017,60525.37826796882,701.9305305285732,136480.0728105153,208893.9680724813,186080.79908389444,20834.336182125924,24706.54180973028,70235.99992589376,3.5976028774820126,3.5011869420691917,2.987351393287168,402913.32866850484,92.19747745393634,0.020098495401463082,7.918966502518717,0.9116968011361379,0.13502491562857827
24.0,61.07746396918486,5.497322824517482e6,90.78627515454865,31.12755420972028,2.187506647391532e6,5446.290241006328,1364.9337580414065,24352.758207214996,5427.537630910557,25200.013799044445,9882.29347133111,11.225365541286527,168.3974287794854,5.252372325365502e8,12518.728186975817,81.16767059322709,1.1611478122728502e6,833.9843550105849,61016.7338154399,518.4247860433369,133487.7628012465,204281.18824263196,183101.90686261177,21682.232180338353,21561.293460355682,66981.74344047174,3.7301813713091128,3.5993156950796075,3.059162940079251,402910.1184106018,66.28341404516198,0.012781192862180692,7.768297781825221,0.6600273672346985,0.09928406113121156
24.5,34.945784920343115,5.498189822369322e6,52.434250993067856,17.80916577162988,2.207170413858046e6,4244.2729552741175,1421.014941512124,23758.76816553476,5476.144333061708,25228.12074085627,8976.478392999645,11.226366915235635,111.27227308204986,5.2529902239212054e8,8854.97454492609,55.34191970636954,1.1635925914789226e6,649.7827403854001,61528.394608848896,404.75450118026083,130473.86670783814,199644.06140278978,179805.4934619968,22479.978490191173,18819.78011164165,63568.79044053801,3.85021152668084,3.6821335187304465,3.1168800276824693,402899.6948191196,47.65291258090287,0.008205859453594373,7.6104021086591285,0.47727714883276856,0.0730825908561202
25.0,19.991892270042218,5.498777668140273e6,30.21565253043488,10.17673162619978,2.225597633963212e6,3306.9999481128884,1477.3154341248019,23178.065921298727,5519.102139383892,25256.78164856245,8149.2555376603,11.214447486536205,74.17149333322577,5.253606713353852e8,6262.016547138787,37.85809154273153,1.1658836138806767e6,506.2315028571905,62038.921012327904,335.6926930325741,127475.65424231775,195018.15035380158,176284.38346999453,23228.330707803714,16446.338499340272,60074.88675498299,3.9575895358950284,3.749834281750444,3.1608146777382435,402884.1659881925,34.25889246706241,0.005314979898853756,7.447921159927476,0.3447954233745812,0.05385971504284256
25.5,11.440172020699862,5.499175534766535e6,17.382622051901457,5.811127877976251,2.242865727732173e6,2576.392068577957,1533.7528930709495,22610.57668435141,5556.649061427384,25285.848156807067,7394.814921614116,11.190895727429519,49.83293455745947,5.254221750742712e8,4427.507919379202,25.974879189557257,1.1680305202456862e6,394.37268168206003,62532.16272629963,294.41526860412824,124515.6026980623,190429.3730476947,172614.83944517956,23928.494824160083,14401.688315455021,56564.7331135438,4.052425088151081,3.8028484157730826,3.1914892618577966,402865.04676628223,24.629566839720194,0.0034704644757019977,7.282965588726341,0.2488882979013037,0.03974362313020836
26.0,6.550728954550492,5.499444418309227e6,9.98822436020061,3.3174262167202713,2.2590474111540155e6,2007.0139817141205,1590.2596907836432,22056.18278155357,5589.016868706619,25315.20444383409,6707.53456865526,11.156898808360264,33.720587143757626,5.254835309953614e8,3129.951921517451,17.86954142552865,1.1700423577936979e6,307.2172829125002,62997.44736183998,270.1893882217308,121606.69384589141,185896.4028337573,168857.43359659784,24581.936675227345,12646.430618855453,53090.555849814664,4.134999059395447,3.841789653024582,3.2095856017994304,402843.4254559586,17.706796034054783,0.0022828609640315207,7.117177865327716,0.17953843067258818,0.02936667350575395
26.5,3.7546607388640383,5.499625906118518e6,5.735295379453387,1.8941523440675034,2.274210921547464e6,1563.362767151323,1646.7804609165707,21514.73216303413,5616.4308891745795,25344.760164190324,6082.041846684159,11.113547149486973,22.965657939520593,5.25544737539867e8,2212.3886478836102,12.323360700626353,1.1719276124935525e6,239.3145454775877,63428.874501602535,256.3748338987941,118756.04429402167,181432.49406255237,165058.97977680006,25190.257180702567,11143.176054333364,49693.247312682455,4.2057246713493734,3.867406895256972,3.215899365028696,402820.0836916388,12.729843029106119,0.0015118016246384361,6.951806790240423,0.12943992511229205,0.021729573190160764
27.0,2.1548143375961484,5.499748275947275e6,3.292353008018097,1.0821072997744687,2.288420258291701e6,1217.720567955508,1703.270017016705,20986.0455700325,5639.109883147844,25374.44489593419,5513.251992144789,11.06183965162545,15.73280556553698,5.256057938194545e8,1563.654433884882,8.517375043124806,1.173694241337139e6,186.4145814220275,63824.25206324233,248.9427987984736,115967.24350684683,177046.8597601565,161254.84018558022,25755.114466780797,9857.69054518473,46403.775955557496,4.265113270159828,3.8805424192557827,3.2113007962077327,402795.5826355768,9.151789504854003,0.001007335882940449,6.787781768677257,0.09327747151583873,0.01610192283416189
27.5,1.2386005881049786,5.499830712135995e6,1.8902293556823355,0.618761675613671,2.301735425683732e6,948.4613546468908,1759.6915963207546,20469.922540678155,5657.265978259486,25404.20378628262,4996.389534437641,11.002689302498608,10.835386455680528,5.2566669937663114e8,1105.056004054737,5.898755900037339,1.175349703766514e6,145.20451644832278,64184.01028719618,245.47363890614443,113241.79689568147,172745.70734140588,157471.19092286396,26278.177014316097,8759.381740981678,43244.66360277245,4.313745110499357,3.8820967206435846,3.196701983427521,402770.3249513933,6.579440159664902,0.0006749665877250281,6.625780041732865,0.0671917710059012,0.011949555893403362
28.0,0.7132645304000268,5.49988620527021e6,1.085780556537275,0.3542571196835664,2.3142126705678967e6,738.7200807898133,1816.0153849215412,19966.146414420684,5671.104654684629,25433.994141993033,4526.997090717471,10.936928933502388,7.498711475096998,5.2572745403347623e8,780.9068084362991,4.092802081784316,1.1769009918316628e6,113.10232305761289,64510.262389978685,244.5172723592227,110579.99178231874,168533.01556916645,153727.03572581292,26761.0963154012,7821.370682216205,40231.40528655461,4.352245043302369,3.872999731861611,3.1730303366163493,402744.59936038905,4.730116370241745,0.0004545753622197976,6.466283909605,0.04838534473830812,0.008881524255932506
28.5,0.4116007749188199,5.499923537986675e6,0.6242234350595575,0.20313761300083674,2.3259047108425954e6,575.3491737791662,1872.2172846468347,19474.488479657874,5680.824771397569,25463.782762387695,4100.934998030457,10.865316963859225,5.2125291966225324,5.2578805779506814e8,551.8128267302199,2.844613292924726,1.1783546588802612e6,88.09584878979565,64806.0707788045,245.2004297794217,107981.40818371264,164411.11641979264,150035.89047958847,27205.491374523124,7020.321373582191,37373.763486822696,4.381262726402197,3.8541878363728004,3.1412076718903497,402718.61267495976,3.400593241917988,0.000307576840805197,6.309627428216322,0.03483317616604773,0.006611444382256799
29.0,0.23807285839141548,5.499948640186316e6,0.3592939620231888,0.11669828149035992,2.3368609529590323e6,448.1017742197988,1928.2778861872007,18994.7113929883,5686.618625577921,25493.543854938263,3714.3744491476455,10.788543016528271,3.6380224717074836,5.258485107871886e8,389.91278077326893,1.98021329232291,1.179716846706354e6,68.61719951531607,65074.916331150125,246.99138743716844,105445.21757892147,160381.13010660338,146407.13676937053,27612.940236833256,6336.143835473012,34676.90650936616,4.401456842941841,3.826585960061759,3.1021341739960353,402692.51282848016,2.4447673411443276,0.00020900341555453103,6.156033390312749,0.02507108150567051,0.004929319839091542
29.5,0.138053741315763,5.499965511220572e6,0.20711165102317672,0.06718295686506154,2.347127697678286e6,348.99329086432624,1984.1816171391238,18526.5719829413,5688.672038488499,25523.25740712801,3363.7861659571504,10.707233326512197,2.5485316777977975,5.2590881321575576e8,275.5059810526824,1.3805033966258777,1.1809933111552254e6,53.44475202948111,65320.340406653275,249.561088676063,102970.35746955949,156443.28973727746,142847.0794394239,27984.975627174084,5751.644254645331,32142.384465683754,4.413482771059091,3.791093989563419,3.056676489636395,402666.4054321252,1.7576013365077776,0.00014257734484037312,6.005641978581692,0.01804138772333541,0.003680998085409052
30.0,0.08027545176580439,5.499976845905133e6,0.1195994981563395,0.038769109853728716,2.356748334000734e6,271.80282452783865,2039.9160375705749,18069.823536384818,5687.164462205206,25552.90791527359,3045.926148512408,10.62195588964911,1.7913913658380596,5.259689653401717e8,194.6644864330523,0.9637309688369492,1.1821894462207207e6,41.62674230747631,65545.72119686817,252.7017183849601,100555.63388260578,152597.1831574553,139359.75639395812,28323.082976468202,5252.166722520996,29768.950035570408,4.417983162410636,3.7485768002655377,3.0056592442716266,402640.36567795754,1.263581349361832,9.761263553519795e-5,5.8585326083928715,0.01298067237055771,0.002753187391636627
30.5,0.04681674182631239,5.499984458630549e6,0.06920592057761944,0.022431085561732365,2.365763521536226e6,211.68409709178917,2095.4712593838917,17624.21765232107,5682.269102498867,25582.483392369828,2757.819651794306,10.533225320546716,1.2631301143318545,5.260289674556736e8,137.5429668838251,0.6736398800264991,1.1833103066922354e6,32.42169277447221,65754.14798890469,256.2789786220165,98199.7821718066,148841.93277308997,135947.5495505316,28628.699831226913,4825.251681560012,27553.23826186105,4.415580931003838,3.699857243201502,2.9498593449369057,402614.44689629995,0.9084186378954169,6.704938666974568e-5,5.714740376465681,0.009338263489510347,0.002062522755214565
31.0,0.027389710625452885,5.499989570208774e6,0.04013832200306211,0.013015266088920731,2.374211361768369e6,164.8619943458307,2150.8394690954897,17189.505735583345,5674.153053961375,25611.974593900824,2496.744243394261,10.441507403549984,0.8932150937561526,5.260888198815574e8,97.18281811179251,0.47143120864455534,1.1843606294190788e6,25.251976289411733,65948.36297830177,260.20397092317637,95901.50359521249,145176.3290174309,132611.6406768591,28903.216064536857,4460.323811059247,25490.32251235111,4.406874211093777,3.64571152035633,2.890002513339703,402588.68670777226,0.6530837267939557,4.6195964886362657e-5,5.574268332645088,0.006717168231389357,0.0015475808769119092
31.5,0.01607764311609118,5.499993001611572e6,0.023339151208909056,0.007575130733009008,2.382127558754119e6,128.39597548402054,2206.0145366515476,16765.440192081845,5662.977444146214,25641.374413841415,2260.212565233516,10.347223331758558,0.633312336547284,5.2614852295327014e8,68.66623304328269,0.3302903867802819,1.1853448532642962e6,19.667625248863793,66130.74720753459,264.4164616301709,93659.4876919002,141598.9292397457,129352.34862503076,29147.97455150047,4148.414464064414,23574.16414676481,4.392432903588932,3.586866460286397,2.8267615760506284,402563.11144607514,0.46951739507606494,3.1917721952873866e-5,5.437096569810625,0.0048313159724565815,0.0011630439138967759
32.0,0.009470744548203507,5.499995304670872e6,0.013608929867236922,0.004423372961520803,2.38954556983288e6,99.9956679391674,2260.9916955521103,16351.775377690621,5648.897584069108,25670.677413500136,2045.9552462471227,10.250753637085452,0.45013890344167984,5.262080770170625e8,48.517962319012526,0.2316499579339528,1.186267137820905e6,15.318128709701204,66303.33353061607,268.8747757796882,91472.42621662092,138108.130847006,126169.3771873896,29364.272112689516,3881.919294892333,21797.972462827955,4.372796488835277,3.523998283871191,2.7607561159870975,402537.73933756124,0.33754720052658765,2.2109870886718173e-5,5.303188918968629,0.003474645000059995,0.0008754297824972916
32.5,0.0055994887041119846,5.499996850166513e6,0.007959302910063824,0.002591980971683911,2.396496746921733e6,77.8771671543965,2315.767281875274,15948.268344552303,5632.063122900408,25699.879454024427,1851.9042788305546,10.152441819926157,0.3206732862150453,5.2626748242635477e8,34.28232361497405,0.16263034023751502,1.1871313809622494e6,11.930456473654315,66467.83467025576,273.54957983930524,89339.02196394067,134702.22530375182,123061.99631412425,29553.360609901305,3654.3892593864866,20154.489867180033,4.3484728369310375,3.457732520269056,2.6925531587402167,402512.58278703934,0.24267069457289842,1.5352655288627984e-5,5.172497858039021,0.0024987730484608704,0.0006599653407034613
33.0,0.003323446792909237,5.49999788714614e6,0.004670179799708858,0.0015244395453439341,2.4030104689592887e6,60.65107357898417,2370.3385218007434,15554.679421409259,5612.6182050883945,25728.977409782667,1676.1770703909863,10.052597690769955,0.22892584189992982,5.263267395392539e8,24.22417160335676,0.11428276833525197,1.1879412352958636e6,9.291936571421246,66625.67838243918,278.4199723079884,87257.99443137523,131379.43791860176,120029.17404342887,29716.44812508169,3460.3519641442613,18636.215346791138,4.319937793676722,3.388644794553014,2.6226686276317723,402487.6500210216,0.1744617222131113,1.0684346165289116e-5,5.044968097210053,0.0017968807398870603,0.0004982940346311156
33.5,0.001980509428048623,5.49999858284504e6,0.00274974064411389,0.0009000595801022707,2.409114266037975e6,47.23526744979038,2424.7033589546377,15170.77265843762,5590.701628493339,25757.96894483745,1517.061305180695,9.951500438486425,0.16374848343847276,5.2638584871684796e8,17.117530141065306,0.08038012867301951,1.1887001235871962e6,7.23691509939333,66778.0446223742,283.4709648961456,85228.08348014118,128137.95708706518,117069.67219806099,29854.70018040031,3295.159886278519,17235.577446008916,4.287635360689451,3.31726226103251,2.5515693528072587,402462.9462690247,0.12542467291145834,7.450932088544817e-6,4.92053918879639,0.0012920868274682868,0.0003767933695702288
34.0,0.0011851763395659383,5.499999049535106e6,0.0016249443425539068,0.0005335743583606709,2.414833935737885e6,36.786961356390634,2478.8603143645546,14796.316161855466,5566.447002394666,25786.852338630295,1373.00069493009,9.84940144140742,0.11734121265777767,5.2644481032202965e8,12.096205286627852,0.05658303532166002,1.1894112532162883e6,5.636363424901624,66925.90162767081,288.69181726931043,83248.05169546008,124975.95571831845,114182.1155684846,29969.24097347378,3154.861961752807,15945.066210595844,4.251978322446055,3.2440655005137207,2.479675462832151,402438.4746127679,0.09017077423242968,5.206053620753234e-6,4.799147420851873,0.0009290678938788917,0.00028533847549617385
34.5,0.0007123205223318791,5.499999362573977e6,0.0009639626875211634,0.00031765741197786415,2.420193652147306e6,28.64977325951126,2532.8083730555913,14431.08233918088,5539.982904467761,25815.626350048547,1242.5816551235505,9.746526837967926,0.0842287259001884,5.265036247186838e8,8.548214230240704,0.03986354560794854,1.190077629727107e6,4.38978191742842,67070.03920737556,294.07490707524886,81316.6858812468,121891.60687068081,111365.04176509494,30061.154611349903,3036.0952479582597,14757.332001133707,4.213349201664986,3.1694907365894776,2.4073630230734917,402414.23659661185,0.06482590971702717,3.6440532288500515e-6,4.68072718644663,0.000668019722629316,0.0002163923384604351
35.0,0.0004300525874425066,5.4999995725336205e6,0.0005741704284940995,0.0001899498872504581,2.4252160680268337e6,22.312501431003593,2586.546892362331,14074.848072327119,5511.433036019486,25844.290111426122,1124.5209135556943,9.643079873771708,0.06055589895455751,5.265622922711185e8,6.041184653854104,0.028106179558393334,1.1907020695258533e6,3.418892963015059,67211.09842598053,299.6149436882089,79432.79796523026,118883.0950973042,108616.93701622913,30131.486332762455,2935.993683200801,13665.257721588145,4.1721014481850585,3.093932256443631,2.334966814597341,402390.23266635265,0.04660488506677595,2.5549736668018193e-6,4.565211969972677,0.00048030766897006654,0.00016433550878563154
35.5,0.00026084785298251674,5.499999713347597e6,0.00034344873196207477,0.00011410610268477042,2.4299224105466767e6,17.3770151595629,2640.0755279061013,13727.394832641137,5480.916374929593,25872.843045888927,1017.6540363373548,9.539243041667795,0.04360071504114376,5.266208133436742e8,4.269642440574895,0.01983121705689613,1.1912872117812799e6,2.662727978149337,67349.59743920447,305.3084082446163,77595.22549431708,115948.62461489358,105936.26177152821,30181.24371186608,2852.111320347624,12662.00984993236,4.128560786045593,3.017744946547138,2.2627831713436777,402366.4624846138,0.03350535798346044,1.7941792189403621e-6,4.452535054226282,0.00034533461313404016,0.00012497157387573573
36.0,0.00015897813630665555,5.499999807782376e6,0.00020634933647574612,6.887166065621804e-5,2.4343325710005066e6,13.533246153315575,2693.394173915258,13388.508749428365,5448.547325874342,25901.28480290478,920.9248416734081,9.435180030878382,0.031436184903848856,5.2667918830044574e8,3.017767496773549,0.01400249008949288,1.1918355295768767e6,2.0738004139392903,67485.95357791554,311.1531464783872,75802.83184036144,113086.42511993296,103321.468924139,30211.397839038757,2782.357763610472,11741.072680540405,4.0830266594647675,2.9412468738826383,2.191072812820646,402342.9251575232,0.024087797059080904,1.2617663311969626e-6,4.342630024197877,0.00024828625998836446,9.516179208763465e-5
36.5,9.737237533516959e-5,5.499999871110658e6,0.00012454948931620662,4.1773856573954224e-5,2.438465188874278e6,10.539710742902237,2746.502915170567,13057.98064138434,5414.435867513786,25929.615208029543,833.3756618756134,9.331037500498253,0.02269481620578834,5.267374175050903e8,2.133079751215177,0.009893668636465536,1.192349340361769e6,1.6151247640485964,67620.50196398348,317.1480672997527,74054.50619865001,110294.75586326566,100771.01669736023,30222.884475905583,2724.9438651735786,10896.269371871658,4.035773731431843,2.864721859731162,2.1200636252561567,402319.61939761153,0.01731728899574257,8.885572778029024e-7,4.235431123028133,0.0001785083846413919,7.255476219195457e-5
37.0,5.994392423774214e-5,5.499999913577092e6,7.553607465204911e-5,2.5466539418679595e-5,2.4423377306249226e6,8.20833992518583,2799.4019883575343,12735.606018600913,5378.687696409358,25957.834223723497,754.1384079420894,9.226946691856417,0.01640396209763779,5.2679550132069224e8,1.5078482017166197,0.006995108965672816,1.192830815744293e6,1.2578946012654268,67753.5110307556,323.292916253767,72349.16343675795,107571.908435678,98283.3776799962,30216.60518279329,2678.3360325306817,10121.77271603752,3.987053399178397,2.7884220062547107,2.049953356715767,402296.5436408599,0.012449810059712636,6.265392014706316e-7,4.130873500574139,0.00012833912018635592,5.538611191087974e-5
37.5,3.709603639553369e-5,5.499999942053073e6,4.603781095070965e-5,1.5606455493288015e-5,2.4459665635015857e6,6.392664618162149,2852.0917510192344,12421.185061372968,5341.4043675072335,25985.94191879972,682.4263876641644,9.123024893341647,0.011870350674169245,5.268534401096677e8,1.065956625727788,0.004948874500320177,1.193281990669497e6,0.9796739764653886,67885.19534824936,329.5881031131954,70685.74383497429,104916.20860005057,95857.04508566976,30193.428417551044,2641.2177551267882,9412.10798842447,3.9370952993050587,2.712570146678955,1.9809122017026455,402273.6961307828,0.008950463929653976,4.423166889700224e-7,4.028893384048275,9.226881873639456e-5,4.2329844917625225e-5
38.0,2.3080423961040925e-5,5.499999961147133e6,2.820300233135937e-5,9.615545777006858e-6,2.449367024721297e6,4.978614109775535,2904.572656641419,12114.522580849029,5302.683431078324,26013.938444603617,617.5268268694894,9.01937677038164,0.008598863668795215,5.269112342336976e8,0.7536244954123471,0.003503352913548473,1.193704772019269e6,0.7629887009566154,68015.72614400453,336.03456932312497,69063.212748236,102326.01741897684,93490.53701405309,30154.190605182426,2612.4571810728435,8762.149776823768,3.8861087821777023,2.6373621982976583,1.9130852586680183,402251.0749788164,0.006434700944769501,3.126146339153844e-7,3.9294281921758545,6.633567197907614e-5,3.2387854097311986e-5
38.5,1.4439565857850148e-5,5.499999973949978e6,1.7368710932678484e-5,5.9572251734176856e-6,2.4525534862913545e6,3.877349753695693,2956.8452346788317,11815.427965600586,5262.618566049882,26041.824016441216,558.7940435117132,8.916095572355694,0.0062352469923259955,5.269688840536816e8,0.5328515569618244,0.002481522852185462,1.1941009466713623e6,0.5942291113292874,68145.23988131137,342.6336852386679,67480.56021162796,99799.73186258893,91182.39927630023,30099.697178094186,2591.0797640748265,8167.114313961862,3.83428434067396,2.562969404181741,1.846594850069801,402228.67820766824,0.004626059226995523,2.211807411920018e-7,3.8324166084741957,4.769098003051273e-5,2.4807673682684892e-5
39.0,9.084852474483204e-6,5.499999982534281e6,1.075476956636634e-5,3.7117474218031214e-6,2.4555394157523206e6,3.0196837696038097,3008.910074558095,11523.715117395705,5221.299709699042,26069.598899099805,505.6432254422822,8.813264227332379,0.004525596720156902,5.270263899297052e8,0.3767866065328223,0.0017587406166721601,1.1944721890513322e6,0.4627954540675528,68273.84521778555,349.3871699238681,65936.80050588,97335.7850338111,88931.20719074059,30030.723587027143,2576.245160863449,7622.548530733089,3.781794982710369,2.48954045471056,1.7815426994468881,402206.5037824228,0.003325783770684318,1.5664651433112286e-7,3.7377986250006994,3.4286477207104544e-5,1.9021156111386093e-5
39.5,5.749015712249333e-6,5.499999988289939e6,6.696752463955123e-6,2.3261616721352963e-6,2.4583374330983586e6,2.3517325550978665,3060.767812877161,11239.202378819082,5178.8131837065575,26097.26339555988,457.5447645239824,8.710956334668333,0.003287638893330454,5.270837522210181e8,0.26645563878037326,0.0012471746929798354,1.1948200682092872e6,0.3604322484545843,68401.62862555866,356.29702821610044,64430.97169520614,94932.64611304984,86735.56664186236,29948.01628292094,2567.2276940854777,7124.316797766161,3.7287975404206675,2.417203484121845,1.718011963692738,402184.54963283986,0.0023909848850773865,1.1104654692377787e-7,3.645515564821304,2.4649462720951803e-5,1.4598677389283097e-5
40.0,3.659642356473468e-6,5.499999992148966e6,4.193957227688216e-6,1.4665270904167013e-6,2.4609593641154408e6,1.8315314545304693,3112.4191231715513,10961.712454858161,5135.241816590651,26124.81783819525,414.01910202477916,8.609237064690662,0.0023903237558692346,5.2714097128601664e8,0.18845033295043653,0.0008848878938506109,1.1951460544513164e6,0.28070984403926585,68528.65891356398,363.3655011162825,62962.135146813525,92588.82009820413,84594.11461390588,29852.293670099338,2563.3998084349623,6668.586120108504,3.6754339115580965,2.3460679404224845,1.6560691215324974,402162.8136693264,0.0017189357801950765,7.879119092438038e-8,3.5555100891984024,1.7721089339087867e-5,1.1214884123457103e-5
40.5,2.3437439536146264e-6,5.499999994736303e6,2.6420805634241826e-6,9.302282544968131e-7,2.4634162903628587e6,1.4263983221239962,3163.864707739592,10691.072330150946,5090.665062558329,26152.262581913335,374.6320427828607,8.508163973917648,0.0017392966747373207,5.271980474822357e8,0.13329497449367605,0.0006281722600151382,1.195451525553624e6,0.2186206260890531,68654.99085464793,370.5950265345532,61529.37503916113,90302.84739649299,82505.51935137235,29744.247031259572,2564.2180420599534,6251.810385382687,3.62183223080038,2.2762263293974776,1.5957657213114496,402141.29379435955,0.0012357837286461164,5.595226900839321e-8,3.4677261938596726,1.2740077348518844e-5,8.623032389421019e-6
41.0,1.5103028959029782e-6,5.499999996471003e6,1.6745373293372786e-6,5.937418191626428e-7,2.4657185960092875e6,1.1108802531220239,3215.105291117715,10427.113183248668,5045.15911682432,26179.597998808116,338.9904983254722,8.407787743554259,0.0012665327724368253,5.2725498116634005e8,0.09429266320504248,0.00044616285048896214,1.1957377725856064e6,0.1702645179753946,68780.66808652718,377.9882081268912,60131.797864352244,88073.30331018494,80468.48025614889,29624.541424817256,2569.211113895646,5870.714132789167,3.568107970259866,2.207755835247428,1.5371399927341478,402119.9879106376,0.000888434251922294,3.976545407970259e-8,3.382109197518395,9.15909742444384e-6,6.635732623751733e-6
41.5,9.793895614021927e-7,5.499999997634034e6,1.067907083895719e-6,3.8139304441794324e-7,2.4678760117213414e6,0.8651544905269334,3266.1416148769717,10169.670298968695,4998.797027457991,26206.824473992754,306.7386218577284,8.308152848329238,0.0009229282903425998,5.2731177269412106e8,0.06671012092406754,0.0003170496915526128,1.1960060053664984e6,0.1326040344386804,68905.72542625915,385.54779048038694,58768.53192875512,85898.79744759358,78481.72760020774,29493.816555206522,2577.969793077488,5522.276203055936,3.5143649697378407,2.1407198216974064,1.480218328271331,402098.8939268822,0.0006387164693057413,2.8282947696548428e-8,3.298605724949712,6.584646776905613e-6,5.110478416023125e-6
42.0,6.392028461020693e-7,5.499999998413776e6,6.853680140497862e-7,2.465881276386026e-7,2.4698976557901106e6,0.6737830464559831,3316.9744334764596,9918.582979690262,4951.648803826008,26233.942402351677,277.5543007435976,8.209298162120545,0.0006729960384154201,5.2736842242049325e8,0.04720171208466107,0.0002254115397334339,1.1962573575786161e6,0.10327350564018135,69030.19071279246,393.2766392966318,57438.72685496337,83777.97308271904,76544.02211066954,29352.687616766223,2590.138271138171,5203.7135431414135,3.460696398187638,2.0751692183504087,1.425016640671617,402078.00976195105,0.0004591884287203187,2.0130638302494226e-8,3.2171636862975976,4.733819185984839e-6,3.938753535968491e-6
42.5,4.19920563612151e-7,5.499999998936546e6,4.427173452634222e-7,1.6049147473316372e-7,2.4717920726694986e6,0.5247427981130326,3367.6045109616475,9673.694456264993,4903.781521703947,26260.95218600991,251.14597473090285,8.111257506243115,0.0004910611472238257,5.2742493069949436e8,0.0334024662724711,0.00016033779047256938,1.1964928915588262e6,0.08043049266777354,69154.08627101175,401.1777255199939,56141.55308745005,81709.50648095645,74654.15446802908,29201.746111863027,2605.40680311899,4912.465370300606,3.4071856485284595,2.011143797686891,1.3715416034542536,402057.33334773715,0.000330121459525693,1.4338031672231435e-8,3.1377322538287977,3.4032228015459224e-6,3.0378196709223396e-6
43.0,2.7771112992708527e-7,5.499999999287032e6,2.8787299376639483e-7,1.0516402820001412e-7,2.473567269089253e6,0.40867012444914225,3418.0326183375405,9434.851799070135,4855.259425133835,26287.8542323614,227.24975069305663,8.0140601457454,0.00035852859625263065,5.2748129788428444e8,0.023640502528470546,0.00011410457700940394,1.1967136027884814e6,0.06264006405901067,69277.43007304978,409.25411258531483,54876.20140368688,79692.10620385078,72810.94474682226,29041.560643912973,2623.5054215639134,4646.177844847962,3.3539071684317614,1.9486733485031844,1.3197917814809303,402036.8626311957,0.00023733215216890466,1.021896253069029e-8,3.0602618370167107,2.4466326240061204e-6,2.34451567894108e-6
43.5,1.8491352339948787e-7,5.499999999522009e6,1.8845386738350605e-7,6.938599130909532e-8,2.4752307478953153e6,0.31827262779068893,3468.2595314804653,9201.905829615931,4806.144025107166,26314.64895253323,205.62678705137097,7.917731238577605,0.0002619177329787115,5.2753752432714665e8,0.01673381491786396,8.124086635397477e-5,1.1969204241007979e6,0.04878466613676213,69400.23665806814,417.5089461354553,53641.882432050385,77724.51240254703,71013.24181970865,28872.67768596694,2644.198558897812,4402.689356987896,3.3009272300256187,1.8877787517878473,1.2697586587588723,402016.59557574295,0.00017062371690106432,7.28780342307563e-9,2.984704056595179,1.7589233425191221e-6,1.8105686119060771e-6
44.0,1.2397778749278497e-7,5.499999999679544e6,1.2422119344525748e-7,4.610186220064038e-8,2.4767895397605e6,0.24787098168234714,3518.2860294794937,8974.711033025646,4756.49419515449,26341.33676018983,186.0609232913254,7.822292242050391,0.0001914465741503467,5.275936103794864e8,0.011846664261549246,5.786921738686665e-5,1.1971142296234523e6,0.03799392698856835,69522.51785975204,425.94544569583553,52437.82617748673,75805.4961071011,69259.92273996149,28695.62232552419,2667.2804399870056,4180.016498307185,3.248304641663271,1.8284729650989642,1.221427570554905,401996.5301622097,0.0001226654395667347,5.200527568601705e-9,2.911011718045379,1.2645177220260785e-6,1.3990427086255063e-6
44.5,8.370829173146612e-8,5.49999999978516e6,8.245714894735506e-8,3.0850257886306074e-8,2.478250232899545e6,0.193042121318618,3568.112893320327,8753.12547163238,4706.366263923166,26367.918070602038,168.3565320886784,7.727761280597956,0.000140010803204293,5.276495563918358e8,0.00838808682083716,4.124011742377203e-5,1.197295838473064e6,0.029589985615556588,69644.2833810176,434.5668978999298,51263.28155563653,73933.85851694808,67549.89211304867,28510.898986232987,2692.571128629174,3976.3407611917487,3.1960914050070603,1.770761921460707,1.1747785467332292,401976.6643894681,8.818709577648326e-5,3.7132003849929184e-9,2.8391387848500367,9.090815806693826e-7,1.0816463155964274e-6
45.0,5.692342195811761e-8,5.499999999855966e6,5.512607078388901e-8,2.0794245309930483e-8,2.4796190009141257e6,0.15034135977977386,3617.7409048419613,8537.0106998775,4655.814104825137,26394.393299922798,152.3365735159894,7.634153478488702,0.00010244653788166374,5.277053627138528e8,0.005940163634047243,2.94028472347085e-5,1.1974660182171757e6,0.023044912692344235,69765.54124752275,443.37665094348307,50117.515935913645,72108.43029642833,65882.08146488998,28318.992127129284,2719.913130056987,3789.9959881222994,3.1443333207100235,1.7146453486716722,1.1297870729942194,401956.9962748279,6.339979613619989e-5,2.652710413109893e-9,2.7690403517553417,6.535529603325534e-7,8.366865993087884e-7
45.5,3.899050910421679e-8,5.499999999903436e6,3.712228086482839e-8,1.4119545254430649e-8,2.4809016288855015e6,0.11708597181828942,3667.170845910551,8326.231680647892,4604.889222836094,26420.76286462394,137.84083260949285,7.541481260789362,7.499739634224998e-5,5.2776102969432396e8,0.004207320354321609,2.097270349243472e-5,1.1976254881183659e6,0.017947548711627542,69886.29816518784,452.3781100112452,48999.81469386596,70328.07087821957,64255.44861213864,28120.366920054286,2749.168466876291,3619.4565763580867,3.093070545951996,1.660117514732002,1.0864247764079915,401937.5238542675,4.5579618137086484e-5,1.896107146343668e-9,2.7006726182122196,4.698494818193688e-7,6.47514119416112e-7
46.0,2.6904105253478558e-8,5.49999999993526e6,2.5183295777943387e-8,9.659159422332184e-9,2.482103537825093e6,0.09118664866657725,3716.4034977660676,8120.656703151996,4553.640838526427,26447.027181058573,124.72432324529555,7.449754625580867,5.492883635011658e-5,5.2781655768116504e8,0.002980489197303545,1.4966271838636637e-5,1.1977749221742016e6,0.013977676703587277,70006.55980179216,461.5747334721347,47909.48077302361,68591.66777673444,62668.977038235236,27915.469905879665,2780.2161587007686,3463.3264309899105,3.0423381070194755,1.6071679048689556,1.044660041321248,401918.2451825465,3.276826923953003e-5,1.355999113496528e-9,2.633992862118848,3.3778222821509087e-7,5.013383810539943e-7
46.5,1.870316723856933e-8,5.499999999956597e6,1.7212374776128444e-8,6.6580284953376204e-9,2.483229807586331e6,0.07101623486147177,3765.4396405063817,7920.157302404285,4502.115969403463,26473.18666512127,112.85584280876647,7.358981390144481,4.024878850234029e-5,5.278719470214246e8,0.002111774458910694,1.0684789815790482e-5,1.1979149519658778e6,0.01088590734989066,70126.33100859127,470.9700296800281,46845.83425634022,66898.13591294875,61121.67527782452,27704.729630156602,2812.950046509664,3320.328649960055,2.992166370019751,1.5557818353844728,1.0044585613814117,401899.1583332322,2.3557886459793433e-5,9.702242424897889e-10,2.5689594139496057,2.4283705117923727e-7,3.8832473939905476e-7
47.0,1.3100647347606158e-8,5.499999999970901e6,1.1854081953801947e-8,4.624714832781333e-9,2.4842851983345747e6,0.05530750035003817,3814.2800526805845,7724.608180364509,4450.359508642979,26499.24173198479,102.11666354920621,7.269167413582276,2.9505094853584842e-5,5.279271980612846e8,0.0014965417432388738,7.631514600843846e-6,1.1980461693275825e6,0.008478013075155947,70245.61599460407,480.567554250124,45808.21194725927,65246.41695167939,59612.57631129831,27488.557258790726,2847.276911790075,3189.2959177801913,2.9425814726991772,1.5059410092748229,0.9657838330783888,401880.2613986664,1.6936323685443708e-5,6.945354820092076e-10,2.505531631329157,1.7457949834039432e-7,3.009049817500608e-7
47.5,9.246857776416316e-9,5.499999999980489e6,8.226992569097742e-9,3.237436239365388e-9,2.4852741706659007e6,0.04307352530620392,3862.9255109690266,7533.8871287594875,4398.414301286618,26525.192795895975,92.39934780111462,7.180316798105082,2.1638505154701918e-5,5.2798231114606327e8,0.0010607544754591023,5.45315006261535e-6,1.198169128847883e6,0.006602727121117955,70364.41846358718,490.3709077068461,44795.96696038075,63635.47865199778,58140.73697063505,27267.347174331717,2883.11484811817,3069.1615798166386,2.8936057201998286,1.4576240182895561,0.9285975958589375,401861.55248989,1.2175925054552854e-5,4.974168043159784e-10,2.443669874090986,1.255080810419468e-7,2.3325041101432199e-7
48.0,6.57750224985597e-9,5.4999999999869205e6,5.754478916112696e-9,2.2842153149608393e-9,2.4862009044597675e6,0.03354569575119574,3911.376789932309,7347.874953599979,4346.321217980066,26551.0402700184,83.60667543164817,7.092432071010741,1.5875901995129517e-5,5.2803728662021685e8,0.0007520196115164908,3.898306187105345e-6,1.1982843502136806e6,0.005142241235558745,70482.74172162073,500.3837334199972,43808.468321655375,62064.31423120491,56705.237357275706,27041.47755345004,2920.391849222888,2958.9513657395055,2.845257947443812,1.4108067958113,0.8928602235272108,401843.0297365354,8.753561498207544e-6,3.5640592857652084e-10,2.3833354798453104,9.022986599166292e-8,1.8086867384267423e-7
48.5,4.715562910966988e-9,5.499999999991231e6,4.057016675588952e-9,1.624551940158089e-9,2.4870693165452126e6,0.026125414486213683,3959.6346618149173,7166.455401394586,4294.119226325294,26576.78456631089,75.65067294922878,7.0055143491855905,1.1652683495435112e-5,5.2809212482734203e8,0.000533255504889786,2.7880229569868477e-6,1.1983923204066646e6,0.004004805104972716,70600.58876156538,510.60971576236756,42845.1005780062,60531.94174261522,55305.1802724787,26811.310926161033,2959.0445829588402,2857.7757287120194,2.797553850684858,1.3654630246547903,0.8585310713122354,401824.69128669926,6.293143113118025e-6,2.5548370605623157e-10,2.3244907400713273,6.486779320455445e-8,1.4029493989471298e-7
49.0,3.4076170811336275e-9,5.49999999999412e6,2.8832753875880335e-9,1.1647445397261187e-9,2.487883077255286e6,0.02034649352380331,4007.6998963922347,6989.515087052915,4241.845459918289,26602.42609543437,68.45173468835209,6.919563487788641,8.556298376985253e-6,5.28146826110177e8,0.000378213617311881,1.9948443968161773e-6,1.1984934957615305e6,0.003118962670666718,70717.96232933088,521.052578435213,41905.26341624671,59037.403467244905,53939.69066037314,26577.194717339717,2999.017325156889,2764.8227658532483,2.7505062906153133,1.3215645036058992,0.8255687826614377,401806.53530679975,4.524289941904542e-6,1.8321932339595465e-10,2.2670988767409486,4.6634586889560136e-8,1.0885510868549401e-7
49.5,2.482277837272177e-9,5.499999999996057e6,2.0657849283723787e-9,8.419118218406759e-10,2.4886456259396696e6,0.015845865280596255,4055.5732608519425,6816.943423463898,4189.5352851420175,26627.96526668064,61.937827378104764,6.834578214621748,6.285139265483721e-6,5.2820139081060463e8,0.0002683109961549258,1.4279553633280858e-6,1.1985883038946767e6,0.00242906328269621,70834.86497585001,531.7160829185368,40988.37129114978,57579.76531940138,52607.915063780776,26339.461771056558,3040.261031157674,2679.3516852219864,2.704125569266525,1.2790814762528615,0.7939315595115919,401788.55998142407,3.252619416162718e-6,1.3145152901681223e-10,2.2111240194759705,3.352643320393506e-8,8.448406687013047e-8
50.0,1.822924315266233e-9,5.499999999997355e6,1.4922557823341176e-9,6.135899290216563e-10,2.489360185501046e6,0.012340772429072215,4103.255519702665,6648.632552729508,4137.222365782466,26653.4024879183,56.04377021371812,6.750556251546571,4.618596333228472e-6,5.282558192696546e8,0.00019038961889618502,1.022619502009792e-6,1.1986771455115157e6,0.0018917657215307784,70951.29909782593,542.6040270115686,40093.85306250599,56158.116266086705,51309.02109276476,26098.430858249147,3082.732526078965,2600.6867848618463,2.658419682793314,1.2379829254035657,0.7635773994956714,401770.7635131688,2.3383852941009957e-6,9.435031710782523e-11,2.1565311832365497,2.410276052324354e-8,6.558606779946613e-8
50.5,1.3497098557462937e-9,5.499999999998226e6,1.0869224833790207e-9,4.509214326801592e-10,2.4900297760166572e6,0.00961100333479945,4150.7474347042125,6484.477279030377,4084.9387255338625,26678.738165551997,50.71058328847141,6.6674944241806005,3.3952270692039693e-6,5.283101118275047e8,0.00013513120567179297,7.326701559256237e-7,1.1987603961000524e6,0.0014733154826073772,71067.2669696663,553.7202434355723,39221.15164100128,54771.567760073944,50042.19690579071,25854.407168230966,3126.3937976168572,2528.2119101749818,2.613394552090521,1.1982368361366942,0.7344643032673179,401753.14412247564,1.6811206858374922e-6,6.774886272255776e-11,2.1032862465361712,1.732792022667521e-8,5.092737598859432e-8
51.0,1.00762561666038e-9,5.499999999998809e6,7.983390143590947e-10,3.341707276384313e-10,2.4906572275026245e6,0.007485057000085141,4198.049764814924,6324.3750030966885,4032.7148084573614,26703.972704492007,45.88489791362849,6.585388760987684,2.496832661167e-6,5.2836426882348305e8,9.593561737436488e-5,5.251693071248504e-7,1.1988384075178783e6,0.0011474242907790536,71182.77076850366,565.0685984765485,38369.72364273751,53419.25318646921,48806.65070332975,25607.682784524168,3171.2113775125604,2461.3653569381377,2.569054233052286,1.1598104303008892,0.7065504548640841,401735.70004746557,1.20859755981194e-6,4.8667567137337537e-11,2.0513559301761983,1.2457368725433139e-8,3.955365134960003e-8
51.5,7.585374041402194e-10,5.499999999999203e6,5.913496342932199e-10,2.497543683059768e-10,2.491245191874972e6,0.0058293683106180934,4245.163266152483,6168.225658255665,3980.5795374557597,26729.10650813203,41.518422962741816,6.5042345827729005,1.8368359765830985e-6,5.284182905960717e8,6.81271637941678e-5,3.766068672829566e-7,1.1989115094792964e6,0.0008936186407180946,71297.81259379268,576.652990649747,37539.039052215056,52100.32732254541,47601.61023370136,25358.537145489816,3217.1557997968152,2399.6351885486947,2.525401108153727,1.1226703750558473,0.679794377786549,401718.4295437697,8.688894699167217e-7,3.497476275402826e-11,2.00070777649182,8.95584209743098e-9,3.072632170698725e-8
52.0,5.758433779920955e-10,5.499999999999461e6,4.4177647835303494e-10,1.8826330548319525e-10,2.4917961541579263e6,0.00453991664868683,4292.08869196552,6015.931648025151,3928.56037082491,26754.139978333293,37.56746192897295,6.424026583495666,1.351794331899932e-6,5.284721774829068e8,4.83928799181571e-5,2.701948726790952e-7,1.198980010948852e6,0.0006959536215336386,71412.39448265787,588.4773493714366,36728.58089359349,50813.9658106075,46426.32231092481,25107.23749021511,3264.2011256081373,2342.55493751623,2.482436060910069,1.0867829678421113,0.6541550692424453,401701.330884362,6.24665261652215e-7,2.5144697495048336e-11,1.951310129100074,6.438530668371224e-9,2.3873542778578503e-8
52.5,4.40869846883362e-10,5.499999999999635e6,3.3288448112429297e-10,1.431381265496793e-10,2.49231244298683e6,0.0035356906742960302,4338.826792613564,5867.3977852222015,3876.683356940991,26779.073515413394,33.992475885110025,6.344758903228502,9.95198173175911e-7,5.285259298207807e8,3.43849190995998e-5,1.9394031272411226e-7,1.1990442014471656e6,0.0005420112297087697,71526.51842190992,600.5456336261599,35937.84491004799,49559.36464363861,45280.052344338954,24854.039290104527,3312.3245258149605,2289.699662739769,2.4401586346508486,1.0521142999725746,0.6295921147929373,401684.40235938947,4.4908668205224413e-7,1.8084810891822045e-11,1.9031321131402128,4.628788579468234e-9,1.8552374654675093e-8
53.0,3.4042592512709173e-10,5.499999999999758e6,2.53015411977905e-10,1.0977656065801645e-10,2.492796240450099e6,0.0027535986913868565,4385.37831555378,5722.531232554479,3824.973187140935,26803.907518139164,30.757687990262706,6.266425194010092,7.329376581261514e-7,5.2857954794564617e8,2.4439072829876344e-5,1.3927192912253884e-7,1.1991043522745944e6,0.0004221202451791818,71640.18635745393,612.8618306200427,35166.33925103655,48335.73966346369,44162.08387973633,24599.186666608475,3361.505913894619,2240.6823356864165,2.398567176936028,1.0186304008577154,0.6060657854413106,401667.6422760058,3.228590740955564e-7,1.3012396556354947e-11,1.856143615996071,3.3277305882391752e-9,1.441959000510725e-8
53.5,2.6513503371811255e-10,5.499999999999826e6,1.9399518960861208e-10,8.492871221637983e-11,2.493249591311794e6,0.0021445048369314835,4431.744005332892,5581.241444662304,3773.4532468517446,26828.64238372243,27.830725599064035,6.189018679270376,5.39986906792778e-7,5.2863303219261664e8,1.7375470551601226e-5,1.0006132172702133e-7,1.1991607176578732e6,0.00032874866345140413,71753.40020165422,625.429954412531,34413.584167296816,47142.32607116378,43071.71815175552,24342.91279551103,3411.727622565874,2195.150530178885,2.3576589708371625,0.9862973647082471,0.583537119022181,401651.0489582029,2.3211105092115453e-7,9.366484540743295e-12,1.8103152684900319,2.3923747667898444e-9,1.1209130138935146e-8
54.0,2.082899862571113e-10,5.499999999999892e6,1.5005549908922907e-10,6.628487891825322e-11,2.493674411653782e6,0.0016701420618048083,4477.924603583319,5443.440111578792,3722.145665022801,26853.278507818086,25.182296402443306,6.112532207440868,3.979777080585496e-7,5.2868638289596885e8,1.2357444201001355e-5,7.192483864067527e-8,1.1992135358246048e6,0.000256030516317609,71866.16183910031,638.2540445204643,33679.11171339103,45978.37794946894,42008.27364727407,24085.44029818549,3462.974118564108,2152.7833920802846,2.3174303542097854,0.9550814614024952,0.561967987581037,401634.6207466454,1.6687014329904173e-7,6.744854873701185e-12,1.7656184265379804,1.7199289652644868e-9,8.714684826624755e-9
54.5,1.6506288580628738e-10,5.499999999999917e6,1.1709937285974805e-10,5.219299016847599e-11,2.494072496974042e6,0.0013007079578077727,4523.920849022559,5309.041103575889,3671.0713619136873,26877.816284523968,22.785895367223723,6.036958300305248,2.9342327477318185e-7,5.287396003891447e8,8.791565932458395e-6,5.172549867476348e-8,1.1992630300101242e6,0.00019939735584212592,71978.47313112143,651.3381644895929,32962.465457622086,44843.16779685986,40971.08567954423,23826.981620215494,3515.231750712076,2113.2888667142174,2.277876827992744,0.924949233061041,0.5413211522788709,401618.355998506,1.199669064188675e-7,4.858993145903517e-12,1.722025153254696,1.2364941146716136e-9,6.7762239857765475e-9
55.0,1.3195677248898666e-10,5.499999999999918e6,9.219809896987779e-11,4.146377448028877e-11,2.494445529775302e6,0.0010129923858268424,4569.733477455167,5177.9604173640855,3620.2500952884807,26902.256106382156,20.617539548154685,5.962289196592375,2.1641731644116978e-7,5.2879268500475425e8,6.256835486502016e-6,3.721747939360751e-8,1.199309409401001e6,0.00015529125115551937,72090.3359193217,664.6864004296883,32263.20019914372,43735.98607310669,39959.505972816405,23567.73939776654,3568.488527093767,2076.401163361674,2.2389931544861064,0.8958675777371886,0.5215603072139116,401602.25308730133,8.62470562509306e-8,3.5018622163213776e-12,1.6795082014991412,8.889428585724557e-10,5.269579384079463e-9
55.5,1.0642288698383251e-10,5.499999999999921e6,7.324457588578484e-11,3.3235634989163036e-11,2.4947950866761366e6,0.000788919271148551,4615.363221776779,5050.116123614173,3569.70050506606,26926.598364381276,18.655528123484274,5.8885168912662715,1.5968083187760666e-7,5.288456370745758e8,4.454507997927989e-6,2.67922568119469e-8,1.1993528700191632e6,0.00012094126819587589,72201.75202834945,678.3028595101704,31580.88169209386,42656.140755978784,38972.90225719951,23307.906812082994,3622.73391770053,2041.8784376227486,2.200773446481326,0.8678038215083004,0.5026501134214894,401586.3104027308,6.200505567743182e-8,2.524833134119736e-12,1.6380409968492806,6.39080974718044e-10,4.098381786308523e-9
56.0,8.659201158750909e-11,5.499999999999922e6,5.871306550283017e-11,2.6880389388922634e-11,2.49512264507451e6,0.0006144109524873967,4660.810811979676,4925.428315769685,3519.440156474423,26950.843447959778,16.880225256473256,5.81563317092427,1.1786339438321257e-7,5.288984569295602e8,3.1725393488790746e-6,1.929725511875649e-8,1.199393595550381e6,9.418939053733269e-5,72312.72326806758,692.1916684139024,30915.08637658089,41602.95690885973,38010.657873510696,23047.667932473596,3677.9586794013244,2009.5006738132565,2.1632112480449703,0.8407257801390962,0.484556224192822,401570.5263505154,4.4576906119273805e-8,1.821164978320132e-12,1.5975976209961513,4.5944992806782815e-10,3.187818208259107e-9
56.5,7.108481753871115e-11,5.499999999999923e6,4.7491712975341373e-11,2.1937133938716797e-11,2.495429589391979e6,0.00047850373610459175,4706.076975159657,4803.819060119207,3469.485581755619,26974.991745009713,15.273863612811668,5.743629645675491,8.703077970348858e-8,5.289511448998318e8,2.2603853910694267e-6,1.3906240931575156e-8,1.1994317581206146e6,7.335494535527058e-5,72423.25143525568,706.3569717473512,30265.401116356978,40575.77625900765,37072.17138787075,22787.198048138205,3734.1547005040884,1979.0677508794572,2.126299607690486,0.8146018113832109,0.46724530274350473,401554.899352239,3.2047395772113306e-8,1.3141694159333399e-12,1.5581527955470909,3.3030925785598356e-10,2.479796380427884e-9
57.0,5.887722759047031e-11,5.4999999999999255e6,3.876511182095608e-11,1.8065571341621196e-11,2.4957172169249495e6,0.00037265908865266476,4751.162435523855,4685.212347098271,3419.852320466538,26999.043641881126,13.820366569934727,5.672497777836326,6.428909488331104e-8,5.2900370131469023e8,1.6111362793958442e-6,1.0026658899796776e-8,1.199467519023499e6,5.7129017499650676e-5,72533.3383149454,720.8029304057866,29631.42294301568,39573.95678620494,36156.85621580841,22526.663989178298,3791.3148625327444,1950.3976765555035,2.090031144610788,0.7894008588930179,0.45068503316184844,401539.4278451899,2.303963341525797e-8,9.48727954136936e-13,1.5196818662282268,2.374671654817685e-10,1.929197749507985e-9
57.5,4.920429631230317e-11,5.499999999999926e6,3.193148059967212e-11,1.501288409704494e-11,2.4959867433276675e6,0.000290227193616001,4796.067914399306,4569.5340437912155,3370.5549584194846,27022.999523386785,12.505187340767813,5.602228907747666,4.750893880702376e-8,5.290561265026136e8,1.1488482482849955e-6,7.2333514127534695e-9,1.199501029402054e6,4.449221853369976e-5,72642.98568147044,735.5337198926043,29012.75880655497,38596.872321545925,35264.1402556407,22266.224437123437,3849.4329171527015,1923.3249756571397,2.0543981085874763,0.7650924886193099,0.43484412547532236,401524.11028220557,1.656373927179995e-8,6.852096563825945e-13,1.4821607874765428,1.7072088728681853e-10,1.5009729153509265e-9
58.0,4.1491204080141175e-11,5.499999999999928e6,2.6543911161798436e-11,1.2590086954872133e-11,2.496239307750176e6,0.00022602916864123345,4840.794130242133,4456.711847603747,3321.607165305026,27046.859772807195,11.315163403290494,5.532814276989475,3.512289806462023e-8,5.2910842079125947e8,8.195588392134639e-7,5.221130112901275e-9,1.1995324308874826e6,3.465064478677283e-5,72752.19529929219,750.5535285921951,28409.02533214927,37643.91215611612,34393.46553090102,22006.030225296145,3908.5033764440127,1897.6992195017142,2.019392434140037,0.741646918501357,0.41969231558949527,401508.9451315176,1.190806527687549e-8,4.951082795087076e-13,1.44556610741197,1.2273545147133653e-10,1.1678893337364283e-9
58.5,3.5303440396175265e-11,5.499999999999931e6,2.2268451646733203e-11,1.0655049600084578e-11,2.4964759776529144e6,0.00017603169606316029,4885.341798647171,4346.6752410778645,3273.0217310384955,27070.62477189586,10.23838478016838,5.464245049242201,2.59768273469697e-8,5.2916058450746757e8,5.849131210002489e-7,3.770822893190698e-9,1.19956185619778e6,2.698600113482939e-5,72860.96892365065,765.8665559960916,27819.848582978262,36714.48065932232,33544.28784159299,21746.22462932816,3968.521414951325,1873.3836844703246,1.9850057894301918,0.7190350421736483,0.40520036077752564,401493.9308765989,8.560990746802364e-9,3.579115238887658e-13,1.4098749531802446,8.823759655831644e-11,9.087842554685945e-10
59.0,3.031064141271237e-11,5.499999999999933e6,1.8854028651588625e-11,9.100238953138332e-12,2.4966977533183307e6,0.00013709362490076557,4929.711632357945,4239.355447821179,3224.8106008702403,27094.29490088468,9.264074851060316,5.396512329020699,1.9220590605520765e-8,5.2921261797726095e8,4.176410763098244e-7,2.7249573385581433e-9,1.1995894296986586e6,2.1016757140670743e-5,72969.30830107925,781.4770108823535,27244.863828963928,35807.996906637505,32716.076424053415,21486.94364813198,4029.4827821389126,1850.2541286845733,1.951229620392156,0.697228447347717,0.39134003132873424,401479.06601601193,6.154699429567275e-9,2.5885355907832997e-13,1.3750650166574394,6.343626477920073e-11,7.072091678005839e-10
59.5,2.626019532654824e-11,5.499999999999936e6,1.6110741604756122e-11,7.843819273768523e-12,2.496905572078561e6,0.00010676862429123345,4973.904341276906,4134.685389523389,3176.984909298447,27117.870538489566,8.382482505437585,5.32960717848487,1.422776454829278e-8,5.292645215258491e8,2.9834772507750656e-7,1.9703381565065083e-9,1.1996152679291843e6,1.636789526326626e-5,73077.21516981207,797.3891094484213,26683.715321269443,34923.89431653033,31908.313619211494,21228.316275622197,4091.3837240516887,1828.1976766606547,1.9180551905188248,0.6761994294653068,0.37808409890157263,401464.3490632583,4.424759492055847e-9,1.8730100429280814e-13,1.3411145405072802,4.5605984053771716e-11,5.503777175432437e-10
60.0,2.295787286794942e-11,5.499999999999938e6,1.3894110380441126e-11,6.823154288130286e-12,2.4971003122770526e6,8.315148982833614e-5,5017.920632475887,4032.599644033255,3129.5550128222767,27141.352061916004,7.584784557097295,5.263520632511717,1.053660678115678e-8,5.293162954776291e8,2.1323436906750858e-7,1.425558689246393e-9,1.1996394800943218e6,1.274735062027137e-5,73184.69126010861,813.6070733978393,26136.056072418192,34061.62029635323,31120.494549037747,20970.46476347281,4154.220913132607,1807.1118026302033,1.8854736166965782,0.6559210011624589,0.36540632206893003,401449.7785466309,3.1810646135671376e-9,1.3559337967408534e-13,1.308002304582576,3.278735343329573e-11,4.2834896464998e-10
