t,v,ep,epe,epi,idc,mdc,tn,ctl,ctl_ua,bn,p,ab,v_l,ep_l,epe_l,epi_l,idc_l,mdc_l,cd4n_l,cd8n_l,ctl_l,th1_l,tfh_l,ctl_site_l,bn_l,p_l,abg_l,aba_l,abm_l,mr_l,ma_l,igamma_l,i2_l,i6_l,i12_l,a7
0.0,1000.0,5.5e6,0.0,0.0,2.5e6,0.0,12800.0,0.0,0.0,26400.0,0.0,0.0,0.0,5.5e8,0.0,0.0,1.2e6,0.0,80000.0,26400.0,0.0,0.0,0.0,0.0,48000.0,0.0,0.0,0.0,0.0,400000.0,0.0,0.0,0.0,0.0,0.0,10.0
0.5,931.0082615125935,5.499689668697215e6,255.7240574221496,111.56592114622043,2.4999501838990212e6,60.62328381766252,12799.856575386466,0.44752033195899604,1.1114223000418662e-20,26399.978870371026,0.24537389642947888,1.2755984397931772e-6,41.26542723592004,5.499999934859211e8,5.801705672874088,0.6736609238015474,1.2000000025295597e6,0.0,79999.99945997441,26399.99999698708,2.7038847977310355e-6,5.808922670270065e-20,0.0005380706270937668,5.279967841292904e-54,47999.99999389298,6.021908604502888e-6,2.653991326074955e-12,3.0884293709508318e-12,2.864174672443801e-12,400000.0,3.18836256847235e-18,5.545809902656304e-15,6.3598568628240865e-9,8.016282276898776e-7,1.0922776072484796e-22,10.0
1.0,1663.5770198258626,5.499369564283586e6,468.34335912457584,346.49200794556356,2.4998867838260834e6,129.03737190009235,12799.447126100771,1.7133236356835713,0.001151928599445053,26399.918548191272,0.9172832789180312,9.355749884492473e-6,96.9250271165395,5.499999736745185e8,21.243990339139252,4.522595962757225,1.2000000060385484e6,0.0038919421884984623,79999.98804322215,26399.99979384631,0.0001844314762981675,4.9009110255503965e-6,0.013638459532932207,3.68096055237685e-9,47999.99968234232,0.0003087289148202288,2.778638204536045e-10,3.224967595119657e-10,2.986876764312905e-10,400000.0,3.6390031330716275e-15,1.4739030098963633e-12,2.0609874345187418e-7,9.89205825549241e-6,7.449508836097558e-9,10.0
1.5,3582.7349835074933,5.498707042507208e6,943.1760452405186,768.0283156588475,2.499757458359291e6,268.72209061336366,12798.600250882824,4.315124608112411,0.00857940190681251,26399.793776467657,2.269741584101091,3.182058288958574e-5,228.0958980179039,5.499999274964551e8,54.99836472063922,14.832371587357983,1.199999983872753e6,0.03985069183261917,79999.97652650984,26399.997779657413,0.001980108884772087,0.0005606634747942811,0.08756835084224261,5.243629634856339e-7,47999.9969249308,0.002945942886795408,4.009993308827889e-9,4.641763075178357e-9,4.2934084498379755e-9,400000.0,3.7791638273604396e-13,5.107730487972786e-11,1.4524482217332774e-6,4.276202349451269e-5,2.316989532067918e-7,10.0
2.0,7715.335983352899,5.497254560701089e6,2006.021937862164,1640.7619493431675,2.4994783340149024e6,572.2449294549396,12796.811892851216,9.795265976716088,0.02957227612433033,26399.530269048933,5.0964615688218124,8.376164503658799e-5,534.6440503338681,5.499998187506238e8,133.02636001910017,39.49322505964255,1.199999930443909e6,0.12036553353925293,79999.96945694396,26399.988131568087,0.010552155356695696,0.004006151496964309,0.338155414940599,8.602002512719892e-6,47999.984465976886,0.014680706470132098,2.6445809501527728e-8,3.0533095563022396e-8,2.8205472395223222e-8,400000.0,1.5676542094676885e-11,7.598186407116837e-10,5.874206068154358e-6,0.00012996561372822428,9.731757280067656e-7,10.0
2.5,16526.684626328668,5.494130472485226e6,4294.250166066884,3506.864454425234,2.498880523021529e6,1223.3067281035505,12792.994033497282,21.482644529434644,0.07865592047616705,26398.967607968156,11.110020197122628,0.00019800201749928172,1225.9459274074004,5.499995670472289e8,311.83419622242775,97.0403107521681,1.1999998055579562e6,0.3035726692193422,79999.92227433794,26399.955286170225,0.03964454743057116,0.014902402815593225,1.0281537390799678,6.105514886814241e-5,47999.94333949851,0.05289932201769948,1.1634878953287328e-7,1.3400423066635566e-7,1.236402215986409e-7,399999.9999999997,3.760225852511606e-10,7.075157893252056e-9,1.8290998880920885e-5,0.0003411560877953922,2.746726178440179e-6,10.0
3.0,35361.65224500994,5.487449571292894e6,9184.370853328517,7500.552554669107,2.497606008589266e6,2611.870870131746,12784.842236330183,46.42561221133866,0.18730969594291133,26397.76570475108,23.935529663294506,0.0004449964324028864,2760.831420628918,5.499989961126611e8,714.2445974206606,228.7644502513813,1.1999995075628283e6,0.7280193899209567,79999.75716494252,26399.86158570208,0.12242851618333651,0.04319554072590349,2.755799624961535,0.0002816551661915482,47999.82794792893,0.1589688057133142,4.040863803972865e-7,4.6437993724012856e-7,4.280006249256464e-7,399999.9999999936,6.584132167330049e-9,5.1083289525117074e-8,4.9666761942071017e-5,0.0008342930564574879,6.8781603719399796e-6,10.0
3.5,75624.6787203497,5.473192980542705e6,19614.00452087803,16032.860031680333,2.4949016082283687e6,5559.325877582927,12767.486673471803,99.51602100240454,0.42301616923050894,26395.204417385008,51.243113918376935,0.0009748760407431939,6138.473471193621,5.499977201803342e8,1608.1263609319212,525.365616535422,1.1999988134181951e6,1.6947161594434714,79999.31282814064,26399.619286275378,0.3360919980322362,0.11168439315506094,6.870222333773493,0.0010102043836462782,47999.53236582276,0.42840635775602676,1.2102561268176574e-6,1.388156159212025e-6,1.2782007915115036e-6,399999.9999999047,9.570478122336714e-8,3.182983743088959e-7,0.0001247700138369804,0.0019604207444105636,1.6385684444552155e-5,10.0
4.0,161569.64085682784,5.442877286157968e6,41773.71623586129,34216.06795926987,2.4892177563113524e6,11757.918790241123,12730.759966089685,211.83485992189102,0.9294218713339351,26389.773683425457,109.09626358868715,0.00210551725812453,13520.596668192196,5.499948990592436e8,3575.487285005156,1184.9063715923053,1.1999972331124754e6,3.860546521018872,79998.22416428779,26399.028445299282,0.8564594123346249,0.27170872213851216,16.375194322079786,0.003094807124428762,47998.81569852013,1.077649744371177,3.2893569481640338e-6,3.766682541813199e-6,3.4655501870432497e-6,399999.9999987672,1.2376661049980262e-6,1.8090896158048497e-6,0.00029883978676056746,0.004491036422481888,3.79085962228085e-5,10.0
4.5,344439.9678640915,5.378895562248741e6,88462.665691655,72771.24216797651,2.477507425867077e6,24544.58295325332,12654.01468709649,446.45313806809514,2.0101011454334494,26378.378203014025,230.3349409684525,0.004501811565828628,29558.923152982523,5.499887124108924e8,7874.539516446301,2637.6890018928134,1.1999936915814527e6,8.657221916046348,79995.67639884693,26397.641131166252,2.0777326508330547,0.6370923937751714,37.885315368845745,0.008549678683683469,47997.13883324151,2.5900668637059057,8.37006872717055e-6,9.571596360619684e-6,8.800548636066569e-6,399999.99998525874,1.4800781901571107e-5,9.66924397126166e-6,0.0006936835431697522,0.010110082262050879,8.596012232482395e-5,10.0
5.0,730919.4041185785,5.2459948069372345e6,185091.25433639676,153654.6771348025,2.454321084413484e6,49922.87939588705,12497.671949902213,924.0740189862887,4.297565195014546,26354.963266416977,478.8331227864018,0.009520255789475579,64192.70251159791,5.499752387796134e8,17209.614224535657,5813.625159366148,1.1999858409424354e6,19.190698812086886,79989.90400087036,26394.468493244105,4.8725410385983,1.4578590031913676,85.82308200350866,0.022018071906217348,47993.31136003094,6.032265575587709,2.0340524749048337e-5,2.3234489613589765e-5,2.1351291972525163e-5,399999.9998333829,0.00016730529986712825,4.944147188868272e-5,0.0015752425507716615,0.022472497953114987,0.0001921376417908958,10.0
5.5,1.5362138044216929e6,4.978988413753185e6,377710.5177575356,319585.0831308076,2.4116826637199116e6,96790.35147479517,12194.220305426687,1849.8204982367072,9.071761954682096,26308.727071066198,967.1385940949507,0.019796496785966157,138405.69194546575,5.499460955519674e8,37344.598541565945,12709.298813792964,1.1999685728173018e6,42.164008701446484,79977.23794972144,26387.361128098117,11.150561840387102,3.279757108486176,191.28335419635644,0.053990074243457295,47984.73964379692,13.73122690398931,4.782163754220039e-5,5.457617486261695e-5,5.013083317049698e-5,399999.99819986534,0.001807708967330088,0.0002439260961570092,0.003517868385347012,0.04946576872851474,0.0004250109253646002,10.0
6.0,3.1661942310044747e6,4.477871005908769e6,733135.5336093003,644766.8603839612,2.342236819624169e6,173577.3736169373,11652.226286824016,3498.8913629020885,18.77774388406251,26223.410773175165,1859.9549298877005,0.04001839516611244,295517.9642587313,5.498835913985136e8,80387.07802464008,27569.508581083748,1.1999307993827425e6,91.94979113945799,79950.65057216231,26371.74598884157,25.037698011607137,7.289780047484765,420.19611824528823,0.12780778630497186,47965.869400418465,30.69500480451908,0.00010968013188210369,0.00012507987819742624,0.00011485126160148584,399999.9813767479,0.01870308099139364,0.0011622014635144825,0.007742818990915609,0.10798849506246051,0.0009336922047822312,10.0
6.0,3.1661942310044747e6,4.477871005908769e6,733135.5336093003,644766.8603839612,2.342236819624169e6,173577.3736169373,11652.226286824016,3498.8913629020885,18.77774388406251,26223.410773175165,1859.9549298877005,0.04001839516611244,295517.9642587313,5.498835913985136e8,80387.07802464008,27569.508581083748,1.1999307993827425e6,91.94979113945799,79950.65057216231,26371.74598884157,25.037698011607137,7.289780047484765,420.19611824528823,0.12780778630497186,47965.869400418465,30.69500480451908,0.00010968013188210369,0.00012507987819742624,0.00011485126160148584,399999.9813767479,0.01870308099139364,0.0011622014635144825,0.007742818990915609,0.10798849506246051,0.0009336922047822312,7.5
6.5,6.283065610085602e6,3.654122013667183e6,1.2959747517626444e6,1.2275806290011676e6,2.246309774425077e6,280032.21623115795,10795.805573239819,6092.137076589045,37.616251756412865,26080.745992920325,3329.470755230713,0.07742188749958509,575516.5695705095,5.497574861419235e8,165484.32709316205,58663.911558406035,1.1998460683792478e6,199.0564279890527,79899.5860438521,26338.24855768648,55.28308117331768,16.080702433532366,907.8679618899449,0.294729122513785,47925.14291218841,67.47529007389709,0.00024658346023235096,0.00028103185080625585,0.00025797354832689365,399999.83265944856,0.1681059332942069,0.005012844070343164,0.016773016969524324,0.23317774069238129,0.002049588578876368,7.621926438748212
7.0,1.1659571676886186e7,2.5839708738229307e6,1.9675475236593385e6,2.117488081626926e6,2.134896707515414e6,402359.5911544886,9630.036921575596,9593.77095107949,71.6373889998972,25868.54538685494,5461.935284566259,0.1411988314089055,1.137979049809478e6,5.495087131531821e8,331424.10582616995,120738.79713746514,1.1996607863080807e6,424.01066116747523,79826.41075375279,26269.108863320198,119.73217585772719,35.482104185991695,1908.3206701631473,0.6657070114765616,47839.972908772856,145.2833437142357,0.0005440534273959555,0.0006197063686451648,0.0005687044860312642,399998.6108825039,1.3956771460300441,0.020711278592022646,0.03542752736494875,0.4915506437192559,0.004566472515983915,7.737906454910101
7.0,1.1659571676886186e7,2.5839708738229307e6,1.9675475236593385e6,2.117488081626926e6,2.134896707515414e6,402359.5911544886,9630.036921575596,9593.77095107949,71.6373889998972,25868.54538685494,5461.935284566259,0.1411988314089055,1.137979049809478e6,5.495087131531821e8,331424.10582616995,120738.79713746514,1.1996607863080807e6,424.01066116747523,79826.41075375279,26269.108863320198,119.73217585772719,35.482104185991695,1908.3206701631473,0.6657070114765616,47839.972908772856,145.2833437142357,0.0005440534273959555,0.0006197063686451648,0.0005687044860312642,399998.6108825039,1.3956771460300441,0.020711278592022646,0.03542752736494875,0.4915506437192559,0.004566472515983915,5.8034298411825755
7.5,1.952078720003821e7,1.6094684904612124e6,2.4635614877338274e6,3.174752747095766e6,2.0220075197021235e6,520932.16729816346,8263.694773121151,13646.426993450403,127.53449551075246,25586.846767643856,8195.82917058272,0.24062855186473092,2.0380368534382319e6,5.49044408455224e8,633445.6036808537,240729.10408898693,1.1992865062829428e6,861.2571892709158,79763.28640631153,26135.404573723816,252.13926806953123,79.55167736666283,3842.5525051011687,1.4757813026898536,47671.22571538198,303.1478932391972,0.0011735480770378038,0.001335887865542666,0.0012255684176515364,399990.1023245686,9.94826076980622,0.07603296497454835,0.07189508315736559,1.010942716288425,0.010621516404372294,6.008098982951229
8.0,2.8670991489228927e7,1.0189331659100398e6,2.6230916085707736e6,4.073660950558344e6,1.9165553282313934e6,621650.2013095889,6854.962072365471,17746.97162007033,210.33211099508827,25246.384128832484,11353.54461879003,0.38300339627166985,3.5893412756925505e6,5.482186148310937e8,1.1573912770781505e6,459256.1201036576,1.1985264353666962e6,1708.1535885786686,79887.98995074538,25901.469885124152,510.15960137332326,189.12373774315188,7295.028702095718,3.202864789187492,47363.878340801515,604.5247979460212,0.002454393848022338,0.002791590531582772,0.002560020900428382,399939.9227472085,60.40942292257802,0.25331423002531844,0.13821099718892219,2.0264790878537013,0.028158776142373644,6.202786292888884
8.0,2.8670991489228927e7,1.0189331659100398e6,2.6230916085707736e6,4.073660950558344e6,1.9165553282313934e6,621650.2013095889,6854.962072365471,17746.97162007033,210.33211099508827,25246.384128832484,11353.54461879003,0.38300339627166985,3.5893412756925505e6,5.482186148310937e8,1.1573912770781505e6,459256.1201036576,1.1985264353666962e6,1708.1535885786686,79887.98995074538,25901.469885124152,510.15960137332326,189.12373774315188,7295.028702095718,3.202864789187492,47363.878340801515,604.5247979460212,0.002454393848022338,0.002791590531582772,0.002560020900428382,399939.9227472085,60.40942292257802,0.25331423002531844,0.13821099718892219,2.0264790878537013,0.028158776142373644,4.652089719666663
8.5,3.666879196233578e7,751153.2529713102,2.58836361535552e6,4.563964257525935e6,1.8218632574885997e6,699129.198130579,5539.3073410902725,21473.68606475392,321.58743846101345,24862.67956218073,14719.647116956956,0.5725007716094781,5.604080000699556e6,5.468652265655303e8,1.9773174560046087e6,833940.226570837,1.19710412587524e6,3209.9415821307102,80607.2509242204,25542.10360012184,980.3984984778125,510.54230483119676,12888.21247712752,6.75878807008857,46866.924510330435,1135.7602803268849,0.004924231369796463,0.005594248185461911,0.005127290500912379,399711.7903123214,290.0291953051356,0.7353830840437626,0.24940662962157684,3.99330937498661,0.08751171845655775,4.9129103817570545
9.0,4.12190361144774e7,646101.5856375812,2.5129643627334065e6,4.614851645617507e6,1.7383417853600665e6,753780.2576701759,4395.914945571875,24588.691759796562,459.28514265524035,24451.22729347732,18099.12786360589,0.8101385588493821,8.578120084076418e6,5.447869352403294e8,3.1768887726595458e6,1.4210980710234966e6,1.1945401658656013e6,5772.312982712748,82442.69879702033,25062.276139828366,1778.492375637866,1539.9875046106076,21055.427701059703,13.743966079713685,46178.41546234265,1989.824764904504,0.00938232652929874,0.010642020662865546,0.009746175527632824,398900.90779446124,1107.0716827166273,1.9813782255950638,0.42348664732028507,7.775399777245053,0.2843637719217432,5.16101067005522
9.0,4.12190361144774e7,646101.5856375812,2.5129643627334065e6,4.614851645617507e6,1.7383417853600665e6,753780.2576701759,4395.914945571875,24588.691759796562,459.28514265524035,24451.22729347732,18099.12786360589,0.8101385588493821,8.578120084076418e6,5.447869352403294e8,3.1768887726595458e6,1.4210980710234966e6,1.1945401658656013e6,5772.312982712748,82442.69879702033,25062.276139828366,1778.492375637866,1539.9875046106076,21055.427701059703,13.743966079713685,46178.41546234265,1989.824764904504,0.00938232652929874,0.010642020662865546,0.009746175527632824,398900.90779446124,1107.0716827166273,1.9813782255950638,0.42348664732028507,7.775399777245053,0.2843637719217432,3.8707580025414154
9.5,4.132176811908598e7,625564.3109124907,2.438914474852982e6,4.327996402850694e6,1.6653496266981193e6,788420.1082721706,3451.543045054873,27021.971028002117,619.001090322999,24025.28801479233,21340.487215806155,1.0943287216631086,1.172530888188499e7,5.418469119633943e8,4.75457661698428e6,2.264504724294821e6,1.1904180408398795e6,9663.443573765346,85255.60345476966,24487.96100714086,3051.5925040076418,4624.053463133047,31841.695681970104,26.71958832530459,45381.97088405315,3239.34934981758,0.016864704241174384,0.019089498999250252,0.017464962835457416,396778.9229952615,3249.2630938430475,4.989091880193012,0.6867153155464941,14.949539534651606,0.8472211241329282,4.169684662131865
10.0,3.748184266585359e7,664501.2225182652,2.3626263721441114e6,3.842745454962578e6,1.6020046758429485e6,806279.1248955132,2698.7607947325173,28811.129337237948,795.3139982164587,23595.43313190479,24336.803206863096,1.4215839779618147,1.6056789197728634e7,5.379387969861747e8,6.695548808848544e6,3.3360487909361776e6,1.184098860182305e6,15326.741231988892,87724.06498662192,23836.46921957901,4986.357411218022,11953.360344844701,44773.48689683937,49.47516138695075,44634.67493401917,4914.259313831621,0.028542931314201183,0.03222601953232261,0.02944703168669272,392620.88413909986,7458.369256499353,11.932416619673443,1.0735197324866508,27.539820713507876,2.1113516174387463,4.45403249650201
10.0,3.748184266585359e7,664501.2225182652,2.3626263721441114e6,3.842745454962578e6,1.6020046758429485e6,806279.1248955132,2698.7607947325173,28811.129337237948,795.3139982164587,23595.43313190479,24336.803206863096,1.4215839779618147,1.6056789197728634e7,5.379387969861747e8,6.695548808848544e6,3.3360487909361776e6,1.184098860182305e6,15326.741231988892,87724.06498662192,23836.46921957901,4986.357411218022,11953.360344844701,44773.48689683937,49.47516138695075,44634.67493401917,4914.259313831621,0.028542931314201183,0.03222601953232261,0.02944703168669272,392620.88413909986,7458.369256499353,11.932416619673443,1.0735197324866508,27.539820713507876,2.1113516174387463,3.3405243723765077
10.5,3.1213753630862392e7,758189.5459267122,2.2728208449754906e6,3.285297452016003e6,1.5475161980527453e6,810113.1021144505,2113.3074485377388,30045.19912520458,982.8571791254687,23169.866356226117,27017.892604727524,1.7871528813745623,1.9760325687425423e7,5.3316423623012966e8,8.79355141804548e6,4.519011673408596e6,1.1753786091369288e6,22699.51633948573,88196.23029212569,23095.622666415216,7778.957087184685,24997.53408751064,58959.96266217181,87.35549909666254,44101.07488173926,6996.487978811711,0.045581273716728495,0.05130845034298759,0.046815607246808,386607.93303719716,13574.093826309512,25.17036559130137,1.6004326125097237,47.031046642200316,4.351206978389245,3.6653108312591742
11.0,2.42535714116897e7,909560.6622324543,2.1596402368611605e6,2.7425563626814713e6,1.5013600392567986e6,801904.6866339318,1665.7647475140666,30827.309011876656,1176.8954761876641,22754.987382027404,29340.465117200132,2.185509720258537,2.442032032825081e7,5.277468147561436e8,1.0823889109074855e7,5.54264888510206e6,1.163625072724283e6,32126.090260723147,86291.07971061533,22229.162016450144,11538.714704274153,42905.08154891664,73412.23227856598,147.51858431229624,43900.04827404722,9434.399156734193,0.06901188328323146,0.0774182069599055,0.0705224672808122,379459.8649622513,20891.024896654257,46.12256465347528,2.236705568567058,72.62164814296726,7.515360847130078,3.9742572676277574
11.5,1.7908580491860915e7,1.122288978061695e6,2.0174885144183342e6,2.2576487607152206e6,1.4634016103247665e6,782898.4209900214,1327.8840053347897,31254.74635774448,1373.5396160831187,22355.95143865294,31279.251148802323,2.6106964841132787,2.9281133520234834e7,5.2183717413299125e8,1.2675969154551445e7,6.124942923251428e6,1.1493421043965705e6,42900.44890114178,82504.71519429,21192.78906093632,16211.7494507229,63583.77466148649,87380.84006347781,238.54517850196117,44085.51862377392,12166.8252291025,0.0996732264018173,0.11139412790274429,0.10128799043685452,371614.32413302554,28980.86590581765,74.1018607879684,2.9262010064292596,102.02991361970629,11.439008393887661,4.26813620849619
12.0,1.2808217970008707e7,1.3954769140070865e6,1.846837366045427e6,1.8417231108966996e6,1.4339437325563782e6,753888.0581172023,1075.2892753299668,31410.69469609247,1569.746537982681,21977.094181198696,32820.498645955704,3.0565447659778773,3.316097877891554e7,5.157467135859688e8,1.4137363895418234e7,6.081871161483206e6,1.1321386533214946e6,55179.28996758577,77408.16696458419,19958.338535005212,21598.088163263492,85094.54075987976,100379.90512472996,369.09686111014673,44661.92479456926,15139.043364816851,0.13821268632982542,0.15384065300720445,0.13961125179530068,363804.4148761974,37114.105667588985,106.47682939575982,3.6186944685388562,132.13360575983566,15.868294329322069,4.547682504291352
12.5,9.023537990661105e6,1.7208783968333902e6,1.6542990206165828e6,1.4904073569346408e6,1.4136122795349823e6,715665.891465533,888.1368686777865,31362.490337297273,1763.2190671720293,21622.14159800877,33958.53418187009,3.5168204397431313,3.484870098924015e7,5.0986395427919585e8,1.4994918633801915e7,5.433912122089932e6,1.111936146788303e6,68681.94830715534,71602.05068485673,18541.534396929823,27415.43705846642,106051.36820755141,112134.09856123371,546.3224123026511,45622.01171305403,18309.1085064951,0.1851205674611635,0.20517195860293877,0.1858131202292833,357051.2073596532,44264.376462122826,139.87635522477137,4.2789101703596,159.48257568840938,20.416662896831202,4.813595166361887
13.0,6.335899398661018e6,2.0839358684214635e6,1.4502237699115104e6,1.1954653414423484e6,1.4030575329195682e6,669420.8024321647,750.8137864536761,31162.898405589705,1952.273795074734,21294.19803699211,34695.17656807156,3.985337587654219,3.368414586509845e7,5.045541866729746e8,1.5119683939183876e7,4.411742343979244e6,1.089678411653324e6,82177.03198471098,65571.64319182032,16996.867220731332,33365.16076013733,125593.53136931115,122524.81897791605,774.753223365189,46941.12595259311,21647.981789871785,0.24077269552548197,0.2656650335768585,0.24008709757953348,352402.32677624596,49368.11609059859,170.94530689831828,4.885608115653862,181.05599518551165,24.573709326788872,5.066539114870697
13.5,4.45917178881198e6,2.467355110788803e6,1.245305653460416e6,949402.0403916249,1.4026111857776772e6,616865.0354479065,651.3009443910631,30852.401287841014,2135.712192660681,20995.605622411393,35040.6662437685,4.456075766467045,2.9905977381372854e7,5.000713683677488e8,1.4515793887065426e7,3.3171539464907176e6,1.0673179048668065e6,93732.5574363871,59680.86381048317,15401.556549936446,39182.62628762705,143260.95491582743,131543.05978106923,1055.890649585955,48578.85319072219,25136.035140034186,0.30546627074039395,0.3355038343759713,0.3025413489107719,350572.4315929248,51685.643476744386,196.60876724945769,5.4282084070365055,194.87946878759635,27.806189617144963,5.307146841441669
14.0,3.1490689302635584e6,2.8544939677011566e6,1.0483339488099023e6,745905.4782835366,1.4120819637258467e6,560079.3387572453,580.4966562826518,30461.56114122988,2312.7089802590576,20727.811309038007,35014.41397554131,4.923310139165716,2.4478092975967832e7,4.965159137306564e8,1.3315635904814973e7,2.362772248232601e6,1.0472722688115078e6,101391.9548674623,54186.25516684288,13835.235371623114,44666.64103750584,158875.69787296728,139253.96245918548,1388.3851025222737,50483.94475674579,28758.875445107482,0.3794430923076594,0.41480793746840167,0.37322595698005245,351718.00838004815,51031.004756460214,214.05156941001195,5.903637799684134,200.17240061879212,29.70107366219133,5.536019990718202
14.5,2.22839103462207e6,3.231184008499484e6,865601.2987083921,579334.8685566364,1.4307407679980374e6,501247.13091745175,531.6028002644356,30013.137265206213,2482.7208180606854,20491.32466148807,34644.64262583165,5.381743340366855,1.857701911796681e7,4.9384997003884834e8,1.172814535557147e7,1.6242226257925616e6,1.0316080502381397e6,103932.28344855175,49250.77199802465,12363.839577038556,49688.526512665434,172445.48097444174,145769.43983237835,1768.6060076646659,52597.49405601973,32503.77059927448,0.4629006814705625,0.5036466245266348,0.4521464274009981,355451.43848255125,47763.61010721118,220.6696828973589,6.313773540288315,197.16442421489376,30.07288631549736,5.753730864788182
15.0,1.5765402551488443e6,3.586314249037687e6,701164.6647734857,444493.71772690845,1.457431409554975e6,442423.6099762383,499.5970640629791,29523.89105722951,2645.4139254346765,20285.771591473083,33966.96894335453,5.826621990639376,1.3147690105651291e7,4.919481549151613e8,9.973183545468014e6,1.0900326743563937e6,1.0214388045821189e6,101253.22934164917,44959.274776606995,11031.514945714636,54185.87935372692,184089.0135578124,151226.7444237739,2191.384849573266,54852.986515939956,36356.796138832586,0.5559936936085424,0.6020414566074429,0.5392664114962312,361028.23890236433,42605.58782498846,214.30372529707614,6.663450601611042,186.87623064291046,28.990030976020332,5.960823854237319
15.5,1.1125521028740813e6,3.911869177030299e6,557243.8658096606,336637.1032121999,1.4907312090898983e6,385383.0860335381,480.7944472492282,29006.075356233505,2800.608019891408,20110.01323504363,33022.37563357553,6.253825482428777,8.724256859480627e6,4.9065177225011694e8,8.23291478176211e6,719247.3365115279,1.0168179385280724e6,94238.78025479225,41334.9651913504,9859.47020461551,58147.82580034604,193980.37379242032,155772.05958297884,2650.748177876606,57173.91208017442,40300.38896232407,0.6588275249966407,0.7099597659530587,0.6345019988003053,367580.5309870776,36410.71003519805,194.10277759089698,6.958960861266755,170.92305509330228,26.725771302680453,6.157816799409149
16.0,781538.2259034017,4.202763554467688e6,434551.79149227863,251492.61702563282,1.529112725574891e6,331535.9734670489,472.4953623414891,28468.623153271477,2948.2338313449704,19962.2991280065,31854.980921824103,6.659921505542865,5.459183703573273e6,4.898080665871069e8,6.63030245748427e6,469190.5417164782,1.0170172301113146e6,84306.40488028269,38355.2727201796,8849.099976771364,61597.67498341464,202309.08261803983,159548.3829507296,3140.523201820331,59470.24397949332,44310.98142665422,0.7714449652679453,0.8273002241733464,0.7377087311105113,374311.058400844,29970.58601491328,161.963089924713,7.206962872164822,151.26270649911538,23.6684392057259,6.345202285275651
16.5,545598.9428393438,4.456556705257425e6,332584.19784728426,185241.78804477895,1.5710800573001415e6,281899.40687607136,472.71251456548504,27918.066364964387,3088.301564697304,19840.432746031485,30509.873528640783,7.0421878642976035,3.245203864538697e6,4.892906876080214e8,5.229728836012292e6,303987.7490738227,1.0209215425646657e6,72947.20799988662,35966.376021540644,7986.968211794392,64576.876794875425,209252.8123531098,162687.0254793644,3654.765814591605,61635.317555430796,48356.55640162413,0.8938059801067317,0.9538707351553044,0.8486616350324732,380614.92007292766,23891.549220845936,123.33591322797264,7.413725897183286,129.88957884523182,20.226930761140366,6.523448873156225
17.0,378048.4181841857,4.6730642356548775e6,249909.81238468704,134489.3957159815,1.6152679109341512e6,237108.16590737915,479.96504217415196,27359.226192236307,3220.877918799945,19741.934218149338,29031.17962052562,7.398603321799162,1.850723943565488e6,4.89004225569404e8,4.0507345961135994e6,196277.21938498004,1.0273583990698224e6,61417.833199605135,34095.83280000015,7249.992038108209,67132.22674001993,214960.40517749003,165302.10479372888,4188.010854713347,63544.91020748953,52394.21705695296,1.0257605954749174,1.0893587639055928,0.967028438438962,386124.274620631,18547.74443145492,85.64994642053982,7.584647060693039,108.5533433172038,16.756571353315792,6.6930022723650975
17.5,259777.98791606972,4.853893004656958e6,184466.5333918139,96242.63156348013,1.6605016857540905e6,197454.4728549871,493.1272820729354,26795.719165892202,3346.069601430448,19664.189308466943,27460.464250063324,7.727812144811746,1.0253957603579577e6,4.888787360186272e8,3.08597288837519e6,126562.67377510117,1.035305147751884e6,50603.336328950834,32663.038184322482,6609.983896905078,69306.84132169992,219543.6648163384,167487.4413861699,4735.37294282287,65060.466785670425,56368.15772070809,1.1670155663062125,1.2332950312110744,1.0923368894364005,390688.80974122125,14098.341320197183,54.81998190138876,7.723996954391056,88.57485716481112,13.51730558037629,6.854286454716684
18.0,176940.71115695316,5.001940223908727e6,133846.7695139844,67901.59676701308,1.7058231363247293e6,162946.05029790348,511.3203179879777,26230.319576502883,3464.0116527014193,19604.577029730397,25835.523180660428,8.029068131999397,560055.1905961059,4.888619770345536e8,2.3156196359415017e6,81620.90661013022,1.0439805225025656e6,41010.19547640073,31587.402928062897,6037.371805825268,71134.66679343759,223076.99568972082,169315.29940431766,5292.537136749749,66038.04030320972,60208.688492611276,1.3170970614957875,1.3850132738462546,1.2239387213218298,394318.06207950943,10543.308541902006,32.98137457823934,7.834862626827711,70.78548450580261,10.664128494948242,7.007704714676051
18.5,119440.92029301477,5.120903888380028e6,95548.33226601071,47252.61258500986,1.7504894761984407e6,133372.6080298805,533.8361276014641,25665.212965607905,3574.8592475617866,19560.57132042983,24189.580916042094,8.30216436523035,306028.27400589315,4.88914849972893e8,1.7147731412522963e6,52726.92819770054,1.0528509024931123e6,32836.05001357137,30794.084265137506,5504.283188009423,72638.04060230528,225604.10044770915,170836.4482024559,5855.678566336269,66343.2534010758,63833.09648471593,1.4753137357216701,1.5436111864595323,1.3609750138207877,397114.5933023282,7788.976168872175,19.094373456528377,7.919261888045457,55.570545940115196,8.261006561954018,7.153640677805099
19.0,79914.61973861337,5.214847253649209e6,67171.67937079298,32455.483512643925,1.793954726762244e6,108372.32529419046,560.0859741658957,25102.16893705262,3678.7819606988455,19529.81523053257,22550.874989174794,8.547354808472459,169374.2587342126,4.8900974284692436e8,1.256293403286441e6,34177.91549673284,1.061588011487319e6,26067.942375566563,30217.093381189752,4987.244977817704,73827.85281077186,227150.3794901063,172081.0604388294,6421.345363677262,65870.46457669996,67148.99093351839,1.6407266745129059,1.70792000394546,1.502349818794182,399218.71184163436,5702.674940482551,10.87487037989168,7.978394187494913,42.97300746964617,6.306199990573412,7.292459260026302
19.5,53013.996942894504,5.287847178509753e6,46554.38473360583,22019.899138989742,1.8358413706317497e6,87492.00231666546,589.5663684611469,24542.65572837738,3775.9597350611143,19510.168763834525,20942.577650593325,8.765273278705811,95701.14516663896,4.8912884316446203e8,912888.9141686554,22262.976423019918,1.0700105368316586e6,20574.618528413153,29800.067587509413,4469.593663767388,74705.92340368388,227738.5260694203,173060.08628515463,6986.33362853437,64562.05671708567,70060.31191551927,1.8121338761217263,1.8764913960615885,1.6467199733628213,400772.78178487846,4148.245033464518,6.197722074001711,8.012973618530065,32.8127604442734,4.758586101959736,7.424507580102579
20.0,34886.958012559,5.343739557873339e6,31844.605748070597,14770.788244430969,1.875908664973596e6,70237.01477491582,621.8373700853017,23987.914023992384,3866.580001124388,19499.733582416262,19382.987221084582,8.956854361509476,55369.8163444488,4.892615367252436e8,659352.0435919088,14586.332070885413,1.0780308838592519e6,16175.562275933351,29495.877143456357,3943.3979331517853,75269.16212032044,227403.65555068912,173767.05287575762,7547.578373408484,62422.501148096504,72475.46706734435,1.988076287203277,2.0476094303515606,1.792508103183443,401903.35313923325,3003.987161329372,3.5720619197124397,8.023571387843901,24.790975608251255,3.5588778847374227,7.5501158276150235
20.5,22788.39810787568,5.385959603031568e6,21523.57169362432,9805.724913274944,1.914021967298177e6,56109.5238809812,656.509212767299,23439.00334536523,3950.8355549145467,19496.859000409317,17885.91377218536,9.123259706958082,32782.3858650408,4.8940179335221463e8,474125.4226009002,9615.778042789358,1.0856158927567063e6,12683.90033503254,29266.75711468892,3410.3999718728664,75514.85088072527,226203.9795740339,174180.69295679755,8102.079902199338,59522.513187487086,74316.33905267651,2.166869567873579,2.2193319294750737,1.937942586964222,402715.075208913,2168.944909777002,2.0917158674526313,8.010894421105702,18.566536688761136,2.643885268997167,7.66959808860883
21.0,14785.87718214267,5.417463601904888e6,14391.26701402385,6448.893965614702,1.95012559120724e6,44635.21051825653,693.2342579901498,22896.830903950657,4028.9229260810853,19500.134096155434,16461.1862352921,9.265811983056299,19814.945938042518,4.895462432738886e8,339819.8650594378,6377.72757300065,1.0927617025521884e6,9928.42613810796,29085.914986213185,2881.363110446213,75446.04951438923,224224.1740736717,174269.11805789295,8646.879332569402,55991.283336847526,75526.47911935108,2.346661201795325,2.3895602052239844,2.0811232874291545,403290.659751625,1563.1640036215342,1.2452680012273394,7.975952363328587,13.804587229302136,1.9546590970122981,7.783253130972012
21.5,9536.44620622783,5.440713084175432e6,9529.804329828446,4205.954238002154,1.9842202813105064e6,35379.97104246522,731.7021277409118,22362.16996379465,4101.041059496873,19508.37052462878,15115.217634485898,9.38593771383934,12194.839071107319,4.89692994170972e8,242961.61852782866,4254.557912559121,1.0994792238583562e6,7762.111866806703,28939.70431683633,2373.4677293118493,75075.86814254933,221571.06026922262,173996.0319787041,9179.088463746066,51998.45905132998,76076.8747607641,2.525507545075146,2.5561303822,2.22010654484271,403693.41709296167,1125.3641472560187,0.7527505316336877,7.9201091581624254,10.203167028208942,1.4402894321510213,7.891365151510749
22.0,6118.74682217527,5.457701379721145e6,6256.720392612485,2723.041854032146,2.0163454305537597e6,27958.575262974075,771.6365528591678,21835.672481811678,4167.390200526198,19520.579952115688,13851.578530580759,9.485119367659525,7624.161160691383,4.8984096671731496e8,173384.6796059184,2853.435223089433,1.105786313438474e6,6063.254011028793,28828.031647538734,1906.065385728495,74429.43067146865,218363.88076588605,173328.6184223991,9695.967744036934,47730.63957055714,75968.24663990548,2.7014614687218064,2.716915119823449,2.352998932555766,403970.6880531129,809.6842652429532,0.46123079466073774,7.845053908518933,7.504706197625743,1.0589896709447522,7.994204486589419
22.5,3908.430509180248,5.4700048657409465e6,4077.0224237857396,1751.7665948280744,2.0465656039119174e6,22037.38600965442,812.793007035041,21317.879035478883,4228.1709202035345,19535.94918915183,12671.543023007502,9.564856419532296,4833.354175130795,4.899895336592345e8,123551.83486509346,1923.1518298858796,1.1117037357281123e6,4733.2611972969435,28761.21349993435,1495.9067735104613,73542.92345450335,214722.89803070005,172245.64071897996,10195.03386592762,43368.281908215904,75229.67381655455,2.872659558068929,2.86992281756555,2.478047790211624,404157.3110419574,582.3575544703965,0.28602365128526597,7.752736947409083,5.4979831619769755,0.7776619821970173,8.092028288112344
23.0,2487.277934258501,5.478845104579808e6,2639.390900731731,1120.8098695367282,2.0749606778141165e6,17333.043871078018,854.9565902545113,20809.227761038917,4283.5832466093125,19553.815239429918,11574.584724711718,9.62663468335766,3102.542609022221,4.901383237986199e8,87940.1441497792,1301.9769074759538,1.117253120461627e6,3693.2937580407142,28753.73343700117,1153.3777949839796,72460.04862989322,210759.70920183876,170743.67370768843,10674.169788878708,39067.8304406389,73914.15472604403,3.0373987045469817,3.0133826541528155,2.59371783859178,404278.66757219145,418.7753102376347,0.17930495810921304,7.645300657549098,4.014732837683646,0.5707483005693411,8.185081166537461
23.5,1578.0917135516286,5.485152284269349e6,1699.1527962568082,713.8385064048763,2.1016188495255e6,13608.679036430633,897.9398976148408,20310.06314367376,4333.825886797211,19573.641720668813,10558.810877340578,9.6719029654733,2014.1098185955952,4.9028711385856944e8,62535.39415427774,885.0363549480854,1.1224559374541582e6,2880.811231168911,28817.374283121266,880.9226153251525,71227.06355323058,206571.13355088516,168839.7300934794,11131.709114646945,34951.4324670782,72092.23276718392,3.1941947983689927,3.1458073576161585,2.698746557593873,404353.1402063289,301.1107565084759,0.11352868016488135,7.525010178130513,2.923796232037973,0.41886622153426134,8.27359580252992
24.0,998.8802647605007,5.489624090865473e6,1088.6939298946777,452.9333490911609,2.126631828207418e6,10668.83285178015,941.5807827624675,19820.644945008316,4379.09553327161,19594.997499597288,9621.330842996262,9.702055989990479,1320.9968670135818,4.904357676026244e8,44436.847984033055,603.8438552383291,1.1273329874053907e6,2246.458425229624,28956.462385366183,673.8500337682199,69887.93448450358,202236.84031411353,166569.72707744112,11566.475123856084,31104.079036929674,69844.95474325154,3.341820028713692,3.2660301419504973,2.792175266376095,404393.99792375613,216.49379708130806,0.0725500627394232,7.394176713880105,2.1246172218538724,0.3075025854256338,8.357793528784915
24.5,631.1566512011107,5.492777016386516e6,694.8219284658333,286.5260424968981,2.1500916277135294e6,8353.920671216982,985.7400240116565,19341.157240424203,4419.586253151474,19617.53792701644,8758.560734579984,9.71842254751107,874.5427128235129,4.905842008673949e8,31557.320863127323,413.37606506569364,1.1319041583266498e6,1751.4198400276505,29166.555632933338,522.7347128417417,68480.8164019437,197819.80145447885,163983.6291567275,11977.76920566234,27576.347726165102,67257.24673770466,3.479318924515064,3.3732164939928326,2.8733567892628504,404410.80065201747,155.6502415961034,0.046765676956911494,7.255070499814157,1.541079190940232,0.22588581227137733,8.437884883474728
25.0,398.34046397342223,5.494989097299315e6,442.03792377268917,180.83993044477825,2.1720885016309037e6,6534.776670645896,1030.2989480804897,18871.71739367293,4455.488959027346,19640.98874528027,7966.469338256842,9.72225788578961,583.9371873471795,4.907323611131621e8,22399.834583302883,283.849558187064,1.1361883216004204e6,1365.2416861526976,29436.117102199587,416.2156963620023,67036.34917612695,193368.33991124632,161138.99296202994,12365.31755797954,24390.36762506749,64412.42863335042,3.6060059711317454,3.466854589586765,2.941943431840027,404410.42876096664,111.90398364301268,0.03039005902287731,7.109831940540603,1.1161345474781592,0.166069359743373,8.514070136703799
25.5,251.2455478341278,5.496534311376962e6,280.5198159841841,113.9480434601915,2.192709672631177e6,5107.599050499234,1075.1570801889252,18412.384757045318,4486.990959716932,19665.132542986143,7240.772239062745,9.714739464762166,392.94696304204064,4.908802152701632e8,15893.373298056216,195.44826521529401,1.140203302701362e6,1064.0710810139112,29749.692239269414,343.2447314296354,65577.56736124563,188918.74980647935,158094.7048284341,12729.193361354239,21546.901244384717,61388.193933655704,3.7214491284931546,3.546729754003234,2.9978604574250096,404397.83102943766,80.45188919518846,0.01989833511148115,6.960396019667906,0.8073602364573508,0.12221430682792823,8.58653979128833
26.0,158.44743747880668,5.4976095211192025e6,177.68989694238059,71.72359236065564,2.212038601762387e6,3989.4556014020122,1120.2298843106178,17963.16890520449,4514.275587696255,19689.79752134331,6577.081664430525,9.696965317956076,266.31123281215827,4.910277424087622e8,11273.15495843241,134.9172792364466,1.1439658920753258e6,829.2483322731314,30091.11031294369,294.39617840569537,64120.848485695766,184497.85227159297,154906.1249264518,13069.73242692172,19032.096737263997,58254.05930493369,3.8254439547645833,3.612888703504149,3.0412704937407673,404376.5654860085,57.83942095245961,0.013120609342471144,6.80844239395363,0.5834037943837503,0.09004139557151551,8.655475059112543
26.5,99.95749606294792,5.498355122373129e6,112.41222978111286,45.12323329276228,2.2301546168919792e6,3114.4039262905976,1165.446643585036,17524.03725763661,4537.5218985433185,19714.84828745027,5971.019414937463,9.66995438335986,181.66197235414805,4.911749292588951e8,7993.904005182611,93.34675911653535,1.1474918773631735e6,646.1896427251121,30445.828078196635,262.3228583055245,62677.2971987468,180125.1935145892,151622.079881096,13387.455713895322,16823.146465162168,55070.082768756394,3.917982623168539,3.6655987054140327,3.0725336881675145,404349.1894739021,41.582424291511536,0.008708046026955624,6.655375335979118,0.4212092704066441,0.06641925859061663,8.721048314252764
27.0,63.10658868716389,5.498870587221339e6,71.06464446717645,28.388575895256388,2.247132774769616e6,2430.2151985624773,1210.7485145523815,17094.921998467984,4556.904436589951,19740.178380323465,5418.2996679057505,9.634648280624369,124.65604777096405,4.9132176743658394e8,5667.323749332026,64.72051597683594,1.1507960864998943e6,503.5046619751158,30802.18305219027,241.65655599806246,61254.133665474874,175814.8112515759,148283.54755350645,13683.005728517697,14892.60777275694,51886.557414525836,3.9992212752047647,3.705305714799519,3.0921673836198313,404317.5405789816,29.894724672772977,0.005814373717479939,6.502329766372402,0.30388964412646985,0.04905833962438731,8.783423524002439
27.5,39.887415152477985,5.499225990166623e6,44.91622207334274,17.86890384601712,2.263043871254245e6,1895.6537115223953,1256.0867735042584,16675.726252022283,4572.593060246482,19765.7042500271,4914.787639588939,9.591914113303085,86.0035110000957,4.9146825170678455e8,4017.1765517683043,44.95947026914977,1.1538924357818787e6,392.3019045731477,31151.73458638132,228.6520087076288,59855.86406596618,171576.60325317518,144923.5847435187,13957.098449616346,13211.456753298711,48744.379398367164,4.069448186314767,3.732594348226303,3.100807943555674,404282.9388004118,21.492088328312715,0.003903893040610205,6.350195358871561,0.2191164454550135,0.03628503278899405,8.842756658875727
28.0,25.24989966352382,5.499470449030341e6,28.396666712544345,11.257810014900263,2.2779545425293944e6,1478.2472502250682,1301.421260510948,16266.329512874343,4584.752820138618,19791.360437425144,4456.539223157741,9.542547962831227,59.63104410140297,4.916143788832045e8,2847.1022830456163,31.28754186029161,1.1567939795471455e6,305.6433768154585,31489.016536655225,220.77780903073608,58485.169031967926,167417.3683519858,141568.00689388794,14210.489179306142,11751.091838791337,45675.82925883136,4.129054328387289,3.748151469811452,3.099176327426137,404246.3319808709,15.451200897777188,0.0026346065305448804,6.199650188253712,0.15791308675748045,0.026875822199765826,8.899196082615074
28.5,16.01385804421816,5.499638241056178e6,17.965401984617483,7.102136225633928,2.2919274196501276e6,1152.4783865836275,1346.7190170898255,15866.592358947244,4593.543883213532,19817.09573447501,4039.8258733110606,9.487278814976177,41.5337719073029,4.9176014712423444e8,2017.612536160938,21.808976214200428,1.1595129595667874e6,238.11712442970432,31811.002583046487,216.3567747080233,57143.532781527974,163341.59195485731,138236.42134651967,14443.949405077703,10484.54021830671,42705.56486754942,4.178507193449766,3.752734300019492,3.0880482052256513,404208.400395471,11.108248439431334,0.0017864072920577324,6.05119709338077,0.11375777425993465,0.01993586594422457,8.952882923177805
29.0,10.17853317275086,5.499753194529653e6,11.378637768711428,4.488161788596349,2.305021311995491e6,898.3291009188108,1391.9531068696413,15476.360496086887,4599.121496249215,19842.870137999766,3661.148234250657,9.426772720485635,29.049591739756867,4.919055554779501e8,1429.6725419317147,15.225169540216154,1.1620608530857002e6,185.50264865982393,32116.496753372754,214.28895228039335,55831.668277206685,159352.0370522607,134943.34559911292,14658.251683163178,9387.098309510278,39851.68379650191,4.218328216827029,3.7471433343975433,3.0682288186113427,404169.63195840124,7.985989796107748,0.001216550287998684,5.9051982933456975,0.08192069507806866,0.014810289682932704,9.003951425629555
29.5,6.4857328004543255,5.499831817739489e6,7.217625661334248,2.8421498877041045,2.3172914040324534e6,700.1172498324897,1437.1016045283486,15095.468194152523,4601.635982654276,19868.652440890783,3317.241328907334,9.361637041052484,20.395826650747274,4.920506035853766e8,1013.0005095455294,10.644062792998373,1.1644484189411441e6,144.50927599937924,32405.570712478664,213.8544495896856,54549.79586647224,155450.1885005177,131699.25685544065,14854.160047675321,8436.593075436223,37126.76317534175,4.249073786715802,3.732199950378987,3.040532418513265,404130.37629728153,5.741320638076301,0.0008317947743904036,5.761905895527046,0.05897671386496948,0.01101945121896493,9.052529287826838
30.0,4.14420814343013,5.499885513446426e6,4.586759479098995,1.8041360295781927,2.3287894556168416e6,545.5711412187569,1482.1467361897467,14723.741179860352,4601.232767002871,19894.418332406334,3005.0735494881774,9.292424671129659,14.370519874408904,4.921952914853123e8,717.7382143069735,7.4512939233973885,1.1666857414763188e6,112.57173081279595,32679.10128373251,214.57995767415463,53297.82256586904,151636.58684252165,128511.50151178754,15032.424084958318,7613.403707067827,34538.82337167208,4.271319614348682,3.7087283392042,3.0057658903849895,404090.8836312991,4.127573131631217,0.0005708256991607935,5.621487435307979,0.04244852773728246,0.008211723786988982,9.098737979728247
30.5,2.656133068011439,5.499922137093655e6,2.9212766996286375,1.1483428623429306,2.3395639998473786e6,425.0965199984988,1527.0741538286961,14360.999052185614,4598.0524223538605,19920.14890317873,2721.841208438908,9.21963815717268,10.158128085507261,4.9233961948492795e8,508.5268833615264,5.222758128032419,1.1687822721365062e6,87.69049835322825,32938.41964968178,216.15122699823579,52075.456411270985,147911.07893390802,125385.04430320357,15193.775379954925,6900.342102767225,32092.18872960115,4.285648126656281,3.677541279547543,2.9647160728284643,404051.33272280614,2.9674109957244554,0.00039306905304270604,5.484046499078155,0.03054619543169019,0.006129060860931128,9.142693047132546
31.0,1.708027182328995,5.499947087750246e6,1.8652361094489218,0.7331320655652109,2.349660534931792e6,331.1978750493942,1571.8723266026714,14007.057283571086,4592.230736013346,19945.829470747107,2464.9600154192067,9.143733660043047,7.2020580714428775,4.924835880733445e8,360.2969460287986,3.6650583592455965,1.17074686873564e6,68.30722213536473,33185.06202277137,218.35676163867058,50882.279316992164,144273.00587381743,122323.06447676223,15338.925475550408,6282.458416863759,29788.236270790752,4.292638498847137,3.6394292293723107,2.9181402449440395,404011.850972859,2.133342538211449,0.00027151896878066295,5.349638948183418,0.02197751209077906,0.0045818773465143665,9.18450440060343
31.5,1.1022541984598686,5.499964068578665e6,1.1943210671256057,0.46959396817803195,2.359121708081878e6,258.0227873404964,1616.532033036407,13661.728865700257,4583.898789986308,19971.448658183763,2232.054528399113,9.065124724877858,5.120393215767239,4.926271978635167e8,255.27767121762932,2.574819451805399,1.1725878324395441e6,53.20748247844438,33420.60306463201,221.05193775032438,49717.79373524177,140721.3436925317,119327.41879302313,15468.564790382807,5746.814398354729,27626.034077732686,4.292858942418109,3.5951522221693373,2.8667592733087326,403972.5288685307,1.5337107524225215,0.00018810299040593592,5.218285438565291,0.01581025761404718,0.003430718534986888,9.224276590303127
32.0,0.7140212211650103,5.499975614918638e6,0.7671132568915179,0.3018612844440567,2.3679874904368496e6,201.00392047690138,1661.0459393624467,13324.82565306052,4573.183052908391,19996.99767208857,2020.9463737486965,8.984185836834346,3.649766340713885,4.9277044955290556e8,180.87432931663713,1.8108089513103953,1.1743129425451444e6,41.44496141590949,33646.55213595237,224.13618129410295,48581.4528293435,137254.8084704222,116398.99477036657,15583.362143074246,5282.250793808348,25602.877130460216,4.2868608868021045,3.545434091337644,2.811252950458137,403933.43036944093,1.1026211441511509,0.00013066610596808228,5.089980943090537,0.011372305470946193,0.0025728742776865952,9.262109067422312
32.5,0.46438550593993383,5.4999834597777715e6,0.4943878247800509,0.19478079467450948,2.3762953426256776e6,156.57820945897853,1705.408250866288,12996.1594515822,4560.205480743235,20022.469737326785,1829.6418301923402,8.901255751681314,2.6077230019970705,4.9291334389670706e8,128.16184861107698,1.2747824223498485,1.17592948915268e6,32.28230342359685,33864.2947048623,227.53839125983424,47472.680239613925,133871.9347157953,113537.97664950216,15683.964661017444,4879.164029310754,23714.731282511046,4.275174728060773,3.49095859754149,2.752257109524662,403894.60037482623,0.7927005512064594,9.099507530591727e-5,4.964701914715091,0.008179292180148515,0.0019325968458290173,9.298096432859827
33.0,0.3033025499330855,5.499988786051421e6,0.3197857097829676,0.1261951418037454,2.3840803709529224e6,121.96690299959768,1749.614424665076,12675.542893719996,4545.083623970011,20047.85965480756,1656.3192149287888,8.8166405979964,1.8673234173335085,4.9305588168953085e8,90.81631174745436,0.8982908249910918,1.1774443038363191e6,25.145005066637488,34075.06467520383,231.20754400879952,46390.88322272204,130571.13367270771,110744.04364228714,15770.997933905339,4529.300196191417,21956.597016290405,4.258306858028441,3.4323670892874456,2.690362155737151,403856.0700917112,0.5698912605546235,6.351614477159671e-5,4.8424116290932036,0.0058823067214551494,0.0014539460422524882,9.332328673774258
33.5,0.19897168206401822,5.499992400129482e6,0.20765447953670818,0.08211001477157807,2.3913754744154382e6,95.00346168963428,1793.6609338757125,12362.790135717423,4527.930739370103,20073.163455726728,1499.316388653704,8.730616753355088,1.339902043451178,4.9319806375279725e8,64.3572542464153,0.6335738105241918,1.1788637884212236e6,19.585468836127852,34279.936859909416,235.10655751129607,45335.4615175321,127350.73659218266,108016.516558783,15845.06632339981,4225.569847749836,20322.804418789638,4.236737727474506,3.37025738129774,2.6261127098153256,403817.86089412094,0.4097083630985326,4.4431624743219934e-5,4.723064142416598,0.004230096703859315,0.001095550866847096,9.364891388598657
34.0,0.13113203025045045,5.499994851122684e6,0.13539971150870636,0.05366627604892857,2.398211482884923e6,73.9990192311321,1837.5450745490648,12057.717407618704,4508.855904853807,20098.37813136139,1357.1186025963384,8.643433500859157,0.9633003596574905,4.933398909260296e8,45.61049417931523,0.4472604686015282,1.1801939419743577e6,15.254984315948024,34479.83181938338,239.20821963088073,44305.813410844574,124209.02675662328,105354.46558308939,15906.753372218476,3961.884387240482,18807.24999574939,4.210920734592839,3.3051835855781597,2.560008108232235,403779.98709745985,0.2945490712519235,3.114432013114923e-5,4.606607207178167,0.0030417855391349636,0.0008267703205132527,9.395866001081252
34.5,0.08683802510765032,5.4999965125796655e6,0.08867214286268917,0.03524110035256341,2.4046172868591724e6,57.637283039445265,1881.2648080339563,11760.143441943283,4487.964136051643,20123.501421989968,1228.3468391744593,8.555315475040961,0.6937943033044249,4.934813640608103e8,32.327385792071176,0.3160036942385797,1.1814403861135363e6,11.88189081169927,34675.52766559659,243.49243693181404,43301.339935509335,121144.26310439172,102756.78908668313,15956.622275845282,3733.013268599038,17403.584830170927,4.181281764181385,3.2376566750310953,2.492503549683118,403742.4579529757,0.21175832062576244,2.1871901259046605e-5,4.4929844100216325,0.002187191050210847,0.0006248764819430456,9.425329963887206
35.0,0.05779272022747808,5.499997638397047e6,0.05833705489707387,0.023255584656147084,2.410619959215807e6,44.89247940285789,1924.8186325772315,11469.8898028362,4465.356503635013,20148.531652052305,1111.746743749658,8.466464907904129,0.5005300193517181,4.936224840165707e8,22.914992737130206,0.2234492562423362,1.1826083887352222e6,9.254559252530933,34867.67522486178,247.94433996765002,42321.44779945249,118154.69758860843,100222.27100567603,15995.216392633192,3534.460415306976,16105.362391617657,4.148219232784662,3.16814559864388,2.4240117155949483,403705.27908152586,0.15223808378815804,1.5387312818642992e-5,4.382136732392815,0.0015726358543138878,0.0004729851995101801,9.45335695227062
35.5,0.03866108719396349,5.499998401013282e6,0.03856387539109001,0.01542476533841107,2.4162448694105153e6,34.96531990474854,1968.205478964495,11186.781133941959,4441.130250533025,20173.467601453583,1006.1782044240184,8.377063686863366,0.36167159688885026,4.937632516576467e8,16.244894517795775,0.1581280293304813,1.1837028862569635e6,7.208130827600452,35056.81424822938,252.5529531647174,41365.551436317575,115238.58786678342,97749.62243943696,16023.059776087806,3362.3579055549158,14906.153131540525,4.11210452084775,3.0970788008359134,2.3549047253504813,403668.45350424247,0.10944757224789678,1.0843257576849484e-5,4.274003684899217,0.0011307220694308075,0.00035853408665202766,9.480017048301072
36.0,0.026000748372563876,5.499998917464299e6,0.02562024324925512,0.010284989900573345,2.4215157905564657e6,27.23304978574484,2011.424625867977,10910.645340183863,4415.378908380684,20198.308405108208,910.6056068225296,8.287275236812958,0.26172309119813975,4.939036678512143e8,11.517726137639391,0.11198794717679483,1.1847285044655392e6,5.614183738858375,35243.38926501373,257.31024363830346,40433.0744375078,112394.2065138957,95337.51168420866,16040.65771832168,3213.3748880834523,13799.631917554054,4.073282694839735,3.02484602590907,2.2855163145567348,403631.9823834003,0.07868445760243943,7.653038527941536e-6,4.168524127949923,0.0008129657517463868,0.00027216161235149794,9.505376916105245
36.5,0.017582443307868515,5.499999267136943e6,0.017109466870789108,0.006895419251665338,2.4264549998082942e6,21.21049312051018,2054.475631304157,10641.313716020379,4388.192412673686,20223.053474540622,824.0887689503455,8.197246238631394,0.18965974781943828,4.9404373346583587e8,8.167213242974661,0.07937003678062121,1.1856895780568393e6,4.372681993001241,35427.76429008107,262.21042918739073,39523.450541723425,109619.84764867484,92984.58581847252,16048.497297101761,3084.6397640649348,12779.643393176466,4.03207344073422,2.9518003122773364,2.21614414774552,403595.86555494444,0.0565681242000259,5.409353614228269e-6,4.065636862160291,0.0005844930601961757,0.00020688047304457503,9.529499968562025
37.0,0.01195701175546508,5.499999503852651e6,0.011487393564363579,0.0046490441619069294,2.4310833724563597e6,16.519681245281035,2097.3582772274503,10378.621030545592,4359.657216220356,20247.702436708867,745.774545606789,8.107108196229104,0.1376192620534618,4.941834493704362e8,5.792191907897219,0.05629322889413722,1.1865901689486972e6,3.4057025606370885,35610.23599995192,267.24946696919136,38636.124303663324,106913.83163630537,90689.48613348922,16047.047921219733,2973.673821758474,11840.249506137994,3.988772145612064,2.878260100849435,2.1470521959597524,403560.10191123636,0.040668167134104746,3.828757752467364e-6,3.9652810501623272,0.00042022211261876863,0.00015746713677768697,9.552446525867685
37.5,0.008178665369593219,5.499999664084285e6,0.0077556201746415655,0.003152716140647621,2.435420470117173e6,12.866177870221971,2140.072524810953,10122.40557795044,4329.8564005762055,20272.255086273257,674.8890809950622,8.016978863853117,0.09998219496368081,4.9432281643357694e8,4.1084547442689185,0.03995419312300399,1.187434083443085e6,2.652548297883488,35791.04524907495,272.4246704795276,37770.55152750257,104274.50836164279,88450.85908989616,16036.761870495871,2878.3346969803206,10975.762723952717,3.9436510768987683,2.8045113981774623,2.07847312533394,403524.68967612006,0.029237310594663758,2.7135530902159972e-6,3.8673965151830783,0.0003021150105338882,0.00012001038186120907,9.574273966367823
38.0,0.005627594629828773,5.499999772538819e6,0.00526619574798695,0.0021507689375579717,2.439484623385184e6,10.020627254750961,2182.618478403964,9872.509200317045,4298.869785223896,20296.711348358993,610.7306809310993,7.926963544840394,0.0727238251800793,4.944618355229449e8,2.9146421194677825,0.028377126187221168,1.1882248883095398e6,2.0659406337773167,35970.386952391185,277.73441924040446,36926.19952640788,101700.25944092726,86267.3640285159,16018.074827828792,2796.7682268482863,10180.767840370549,3.896960619257641,2.7308099482936807,2.0106106555497103,403489.6266025767,0.021019396512336863,1.925557323162977e-6,3.7719239496908554,0.00021720046678454298,9.157692858736028e-5,9.595036870033093
38.5,0.0038958838389707264,5.499999845947598e6,0.003596960495841062,0.0014762414352745526,2.443293009290427e6,7.804375017049766,2224.996356520933,9628.777288437323,4266.774034324554,20321.07124950827,552.6632715282557,7.8371562724098185,0.05295599312286702,4.946005075049876e8,2.0680823272021853,0.020168255146829395,1.188965925857324e6,1.6090535511229547,36148.418447163465,283.1779365395527,36102.54725259152,99189.49964606388,84137.67853060082,15991.406401484754,2727.3674517182585,9450.13475850317,3.8489305377818264,2.6573833780063,1.9436418574057943,403454.9101147254,0.015111343027593292,1.3679956497222005e-6,3.678805058509311,0.00015615117114787223,6.99634219844017e-5,9.614787154937572
39.0,0.0027138905949283805,5.499999895637936e6,0.0024717398643752234,0.0010196251016203718,2.446861723886309e6,6.078263859683235,2267.2064685187124,9391.058765286636,4233.642760917326,20345.33489502246,500.1104087211524,7.747640882436431,0.03860236856035842,4.9473883324465543e8,1.4676788068517135,0.014343558046605745,1.189660328059703e6,1.2532030265165546,36325.26648971228,288.7551178296612,35299.08533065278,96740.67774562068,82060.50207882667,15957.160636381413,2668.7376929765387,8779.024203270215,3.7997712431705817,2.5844332892214457,1.877719367092212,403420.5374098154,0.010863903153018923,9.72966754786956e-7,3.5879826542535302,0.0001122604051664164,5.351218364245092e-5,9.63357420708098
39.5,0.0019025683450184492,5.499999929276947e6,0.0017090943838055117,0.0007087705179759327,2.4502058502723533e6,4.733903943400548,2309.249195868283,9159.206055911054,4199.54662848524,20369.502451290045,452.5498019568368,7.658491987487568,0.028167703706033,4.948768136052186e8,1.0417887593404256,0.01020774030054923,1.190311029789792e6,0.9760471241975517,36501.033057555316,294.4663973031828,34515.316018576326,94352.27691467498,80034.55849218628,15915.726513529678,2619.6667890575413,8162.887955298943,3.7496750403027,2.5121372789526415,1.812973501447594,403386.5055314547,0.007810317817758984,6.927450698349994e-7,3.49940071813972,8.070594394259261e-5,4.097412378822044e-5,9.651445003879424
40.0,0.0013424756577832895,5.499999952053411e6,0.0011892986377207073,0.0004959216982777654,2.4533395223380974e6,3.686871821221083,2351.1249771321136,8933.075046769882,4164.553449838349,20393.574132004,409.5083154138838,7.569775860737704,0.020573481741990928,4.9501444944813746e8,0.7396370814174545,0.007269133506911917,1.1909207812237628e6,0.7601839152987908,36675.80012557752,300.31264353689863,33750.75311468826,92022.81482691503,78058.59747808163,15867.47843709766,2579.099707992922,7597.464899541136,3.6988173462575697,2.4406508733675856,1.7495142637998446,403352.8114221625,0.0056150228465738855,4.937308463408301e-7,3.4130044357021947,5.802064695772234e-5,3.140658196016444e-5,9.668444231633375
40.5,0.0009535547616155796,5.499999967478489e6,0.0008329913381972514,0.000349318155606753,2.4562759844967294e6,2.871412178586344,2392.8342959261668,8712.525036989546,4128.728283291539,20417.550187413548,370.5574108972559,7.481551237730753,0.015040596277523528,4.95151741632971e8,0.5252342913663656,0.0051797976684491214,1.1914921594637153e6,0.5920593139816348,36849.63357360488,306.2950774681104,33004.92182441653,89750.84351359277,76131.39555045022,15812.77670878275,2546.1168726844144,7078.773934913541,3.647357867572236,2.370109366754385,1.68743323419018,403319.4519610579,0.004036773189071361,3.522326398515706e-7,3.3287402143784273,4.171173153539037e-5,2.409707600501054e-5,9.684614397266726
41.0,0.0006818848104477423,5.499999977927954e6,0.0005873211008629366,0.0002477342086816869,2.4590276476604072e6,2.236310505935151,2434.3776712829376,8497.418683505697,4092.13352613507,20441.430895942492,335.30899786098945,7.3938700433343065,0.011005429054426622,4.952886910173123e8,0.37306799368257504,0.0036933245204225284,1.1920275794292488e6,0.46111634085840325,37022.586366867996,312.41520765271633,32277.35859739349,87534.94905245391,74251.75649412262,15751.967989343313,2519.9156363846073,6603.104587771503,3.59544172951961,2.300629559873826,1.6268053410639949,403286.42399086064,0.002902132052578457,2.5152107987764103e-7,3.246555688042086,2.998698978097131e-5,1.850629804562486e-5,9.699995934616213
41.5,0.0004909688222664875,5.499999985009327e6,0.0004169221425579613,0.00017691382315741049,2.4616061416934556e6,1.7416780495539856,2475.7556499436923,8287.62194168163,4054.829005412458,20465.216557653745,303.4116576536287,7.306778050636068,0.008059700982597876,4.954252984567442e8,0.26505054035519715,0.0026350851108369903,1.1925293040637283e6,0.35913245540880934,37194.701133293485,318.67477897890836,31567.61094295884,85373.75113378359,72418.51150580765,15685.38574726465,2499.7944323350216,6167.006004761306,3.5432005525818187,2.2323113949747184,1.5676905140501018,403253.72433721373,0.0020864116103996777,1.7976669808669246e-7,3.1663997121905743,2.1557919924300683e-5,1.4225431029480688e-5,9.714627305537105
42.0,0.0003559786799842653,5.499999989810308e6,0.00029801292772960967,0.00012723328646029427,2.4640223645649417e6,1.3564474773826327,2516.9688001991917,8083.00400267448,4016.8720660330027,20488.90748915389,274.54721092893726,7.220315477971974,0.00590728292320151,4.9556156480480754e8,0.1883564842907491,0.0018812341826712625,1.1929994538983107e6,0.27970338883742196,37366.01224414138,325.07573190995333,30875.237230243318,83265.90253877587,70630.51910598164,15613.350694625655,2485.139194977228,5767.274863431376,3.490753473183651,2.165239486929099,1.5101352193833946,403221.3498224822,0.00149997082455392,1.2859388786781327e-7,3.088222352490587,1.549817066946858e-5,1.0944137182439381e-5,9.728545096077843
42.5,0.00025993765807749534,5.499999993066941e6,0.00021452133301566972,9.216227938179514e-5,2.4662865284081874e6,1.056422202170677,2558.017706972028,7883.4372285641875,3978.3176562561744,20512.504019620563,248.42759911825348,7.134517529750104,0.0043331306718163345,4.9569749091298103e8,0.13389031985394495,0.0013438821175868615,1.1934400160141597e6,0.2178410945088881,37536.54748821428,331.6201699998358,30199.80647758522,81210.0885565302,68886.6648897927,15536.171210300923,2475.4117123720957,5400.94262675989,3.4382081072353037,2.0994845516122074,1.454173880971484,403189.2972755866,0.001078364625295299,9.206515511632072e-8,3.011974868653008,1.1141761335625559e-5,8.42651194855224e-6,9.741784107964234
43.0,0.0001911770863751308,5.499999995277364e6,0.0001555297604121484,6.724616853048771e-5,2.468408202681814e6,0.8227569933920942,2598.9029678935417,7688.797086053113,3939.2184105925808,20536.006487705905,224.79205284894869,7.0494148862452475,0.0031809042808546074,4.958330776306672e8,0.09520071352595613,0.0009606145542787291,1.1938528524406727e6,0.16966058961088587,37706.32941519741,338.3103339306653,29540.898134937856,79205.02635932848,67185.861166142,15454.143750683257,2470.139622040251,5065.262476157904,3.3856614561871834,2.0351047339067794,1.399830191159216,403157.56353898055,0.0007752619224539476,6.59664579200975e-8,2.937609695074106,8.009903388121517e-6,6.492992840437326e-6,9.754377445621886
43.5,0.00014163432330763635,5.499999996778759e6,0.00011358330877289048,4.942996105827138e-5,2.4703963546146494e6,0.6407745432059834,2639.6251901767514,7498.962079376583,3899.6247301718477,20559.41523912292,203.40452216408124,6.965034147085155,0.002336819276056557,4.95968325805184e8,0.06771104484450781,0.0006870793466583773,1.1942397080252327e6,0.13213603708876362,37875.376410829915,345.1485807051953,28898.101862084022,77249.46435086596,65527.04652038873,15367.553248148302,2468.9078068039403,4757.6961829315505,3.333200756184057,1.972146838632376,1.347118315984515,403126.1454735825,0.0005573541956970116,4.7303613297743606e-8,2.8650804192897015,5.7583873264507306e-6,5.0067272364341145e-6,9.766356598954514
44.0,0.00010570856399559529,5.49999999779942e6,8.356451296477775e-5,3.660715936245104e-5,2.4722593871054286e6,0.49904371746582554,2680.1849881258777,7313.813682929613,3859.584860631814,20582.730624764685,184.051345315563,6.881398232730462,0.0017179776481841163,4.961032362817607e8,0.048174050081482137,0.0004917393054545919,1.1946022178077032e6,0.1029107603567591,38043.703555549815,352.1373669228428,28271.017304822963,75342.18149838368,63909.18532619955,15276.673497509251,2471.3509846184616,4475.901117641746,3.2809042715731005,1.9106474683549286,1.29604400020927,403095.03996223165,0.0004006951592243647,3.394691942970699e-8,2.794341759004013,4.139756212168408e-6,3.863284303519518e-6,9.777751522085115
44.5,7.94880999500579e-5,5.499999998493951e6,6.194153955025115e-5,2.7317291654068148e-5,2.474005174237406e6,0.3886616363911463,2720.5829811544736,7133.236274006758,3819.144967586388,20605.952999238933,166.53913474255302,6.798526747864478,0.0012639243811180944,4.962378099035351e8,0.03428525391665911,0.00035215533831473847,1.1949419139308576e6,0.0801492669304869,38211.32330888323,359.2792352956489,27659.253870793054,73481.9866568575,62331.26722489163,15181.767530727975,2477.1473179101063,4217.717547801945,3.228842034512331,1.8506340724732697,1.246605577702517,403064.24391208816,0.00028806925984291597,2.4380026834602288e-8,2.725349538246874,2.9761105783644954e-6,2.982878940505279e-6,9.788590708256859
45.0,6.022599462902841e-5,5.499999998967098e6,4.626358311091327e-5,2.0542158753297733e-5,2.475641094557973e6,0.30269451742108594,2760.8197922096574,6957.117065964721,3778.349209731265,20629.082719726663,150.69286059273787,6.716436310254725,0.0009305300194789342,4.963720475115536e8,0.024408920928592384,0.00025235181992275073,1.1952602321159216e6,0.062421992980540054,38378.246053996896,366.57680373795483,27062.43050620221,71667.71789130077,60792.30658542788,15083.087980161194,2486.0128945111514,3981.1563348467016,3.17707653277718,1.7921259122524666,1.19879489289262,403033.75425627345,0.0002070998277760112,1.7522246600888692e-8,2.6580606630609087,2.1395569613961665e-6,2.304485664129099e-6,9.798901261081069
45.5,4.59826249919324e-5,5.499999999289852e6,3.482059437103043e-5,1.556791770320483e-5,2.4771740622639484e6,0.23574217525828592,2800.8960465203963,6785.346042047282,3737.2398096478596,20652.12014509333,136.35411378762583,6.6351408483233625,0.0006855530627194964,4.965059499447736e8,0.01738374876029101,0.0001809478237063343,1.195558517730602e6,0.048615534092799166,38544.48053031649,374.03275650217137,26480.175474433225,69898.24180166137,59291.34195447242,14980.877430627568,2497.6969546859423,3764.3871095853633,3.1256633481018814,1.7351349466144323,1.1525981390254383,403003.5679549643,0.0001488889813793054,1.2602665553960166e-8,2.5924330970090526,1.5381518412833192e-6,1.7813766325085801e-6,9.80870896231033
46.0,3.5380812134993916e-5,5.499999999510346e6,2.641273041109376e-5,1.189127299758338e-5,2.478610556424289e6,0.1835988350481542,2840.8123706041115,6617.815890056555,3695.85712236635,20675.065635197065,123.37953216977131,6.554651870366863,0.0005054171722136218,4.9663951804006433e8,0.012385079805997302,0.0001298307136131362,1.1958380314752464e6,0.03786272696378676,38710.034176743226,381.6498369417761,25912.126137256302,68172.4528536118,57827.43550320905,14875.3687605859,2511.977757639235,3565.7269800220024,3.074651747542219,1.6796666435341596,1.107996618894844,402973.68199609587,0.00010703982236086378,9.0708592991174e-9,2.5284258367116728,1.1057964606105082e-6,1.3777344579952875e-6,9.818038336306307
46.5,2.7437263510856573e-5,5.499999999661248e6,2.0193391998440457e-5,9.155353836447587e-6,2.47995664836377e6,0.14298896027565663,2880.569391479157,6454.4219380095055,3654.2397017487883,20697.919550350573,111.63937469907496,6.474978708094112,0.00037286804903894575,4.967727526322121e8,0.008827176448360204,9.321408307356634e-5,1.196099954711165e6,0.029488192651144315,38874.913403605264,389.4308415683556,25357.928739195275,66489.27271763686,56399.67247566768,14766.785472715472,2528.658996848203,3383.629805312529,3.0240852304258334,1.6257207218485075,1.064967433572957,402944.0933957857,7.695346871797439e-5,6.533492637214569e-9,2.4659988875630328,7.94972057291589e-7,1.0660773863206926e-6,9.826912711363454
47.0,2.1445975712815518e-5,5.499999999764734e6,1.556183749581293e-5,7.105664320176364e-6,2.481218027323345e6,0.11136150624567633,2920.1677360412245,6295.06209088328,3612.4243647529047,20720.682250902715,101.01622998879212,6.396128736904892,0.00027526808583119204,4.9690565455392176e8,0.006293899373209899,6.69682469498524e-5,1.1963453944536273e6,0.022965922475945304,39039.12380790078,397.3786151371823,24817.238195450747,64847.649618153504,55007.160641893315,14655.342014188831,2547.5666870333616,3216.6760537876958,2.9740020334812325,1.5732918281834354,1.0234841044786562,402914.7991985559,5.532367503148205e-5,4.7092539000972525e-9,2.4051132397334114,5.715171407796934e-7,8.252994039332738e-7,9.83535427804187
47.5,1.6897181354977027e-5,5.499999999835863e6,1.2089350993047368e-5,5.559670492568655e-6,2.482400024505634e6,0.08672967822992628,2959.6080305702135,6139.636768524401,3570.446253636623,20743.354096913637,91.40384669297295,6.318107575105532,0.00020335395593383632,4.970382246358229e8,0.004489525112723221,4.8144136310064675e-5,1.196575388050642e6,0.017886243607140168,39202.67034348544,405.49604654942146,24289.717883671303,63246.55769389026,53649.02975827417,14541.244086924802,2568.546456975805,3063.563250606349,2.9244355967193827,1.522370153560333,0.9835171338987851,402885.79647741094,3.977350300092466e-5,3.3967889238164992e-9,2.345730844531379,4.108728312446732e-7,6.391764959346883e-7,9.843384144655266
48.0,1.3420724068906436e-5,5.499999999884884e6,9.468226449525726e-6,4.385695944522067e-6,2.483507635607175e6,0.06754613058970423,2998.8909003408694,5988.048844774538,3528.3388961625124,20765.935447902633,82.70607438033802,6.240919264053516,0.00015033060614009968,4.971704637064724e8,0.0032038454852711695,3.4634519398317854e-5,1.1967909075672876e6,0.013930090170387594,39365.55745551331,413.7860654016145,23775.039439776418,61684.99637037363,52324.431036613176,14424.68894810565,2591.4611920299944,2923.097011067575,2.8754149925924857,1.4729419940651396,0.9450345088287843,402857.0823338152,2.859411526915304e-5,2.4518626715111258e-9,2.287814591177495,2.953836095366991e-7,4.952267720374806e-7,9.851022390052739
48.5,1.0746301274701994e-5,5.499999999918778e6,7.476339368484835e-6,3.4882020390494767e-6,2.48454554193267e6,0.052605768672813774,3038.016969315921,5840.2035878476145,3486.134263860368,20788.426662652786,74.83590456032191,6.164566431036551,0.00011120996336304271,4.973023725923607e8,0.0022873967870050164,2.4932792851499837e-5,1.1969928638941306e6,0.010848964355729582,39527.789186552174,422.2516390469161,23272.88255796675,60161.989745080726,51032.53662299838,14305.865701237999,2616.1889783502743,2794.1826483682057,2.826965320881469,1.4249902597653694,0.9080021527374037,402828.65389759646,2.0556988103515507e-5,1.7710779608794591e-9,2.231328284023658,2.1235681271481945e-7,3.8383959249430363e-7,9.858288113826372
49.0,8.675409624268667e-6,5.499999999942293e6,5.952418394519788e-6,2.797468494903956e-6,2.485518130180452e6,0.040970048683351315,3076.9868599047595,5696.008601979075,3443.862828405041,20810.828099059963,67.71460247083199,6.089050436522237,8.232783592937411e-5,4.974339521179154e8,0.0016338749609375559,1.7961139480194924e-5,1.197182110597092e6,0.008449329228530816,39689.36926027874,430.8957700595248,22782.934795004392,58676.58598560143,49772.53908714968,14184.955578031657,2642.6213077781385,2675.8173392036388,2.7791080716734213,1.378494935847779,0.8723843295909897,402800.50832679693,1.4778906635512904e-5,1.280258350169782e-9,2.1762366202399384,1.5266759739905437e-7,2.9760945185491877e-7,9.86519948407015
49.5,7.061448445271496e-6,5.499999999958672e6,4.778697101610858e-6,2.262321550130494e-6,2.486429510982809e6,0.03190802082359546,3115.801192774177,5555.3737703569395,3401.553616165357,20833.140114016296,61.27092110000079,6.014371507260724,6.09906966570917e-5,4.975652031055068e8,0.0011676493713103637,1.2948031560500546e-5,1.1973594475250284e6,0.006580453192902939,39850.30114744711,439.7214940152516,22304.891378804736,57227.8567409907,48543.65092264658,14062.132211364717,2670.661508220964,2567.0828267136485,2.731861458687987,1.3334334997295734,0.8381440042021753,402772.6428074908,1.062490673445441e-5,9.261519206472028e-10,2.122505167981611,1.0975604289469257e-7,2.308259209831656e-7,9.871773782809651
50.0,5.795537494490225e-6,5.4999999999701325e6,3.868680873813146e-6,1.8449831599997446e-6,2.4872835362795237e6,0.024850412552764725,3154.4605867004243,5418.211199335845,3359.2342609788043,20855.36306332052,55.44038970164043,5.94052885658317,4.521722070248707e-5,4.976961263754519e8,0.0008348948386275492,9.340858311319847e-6,1.1975256241902814e6,0.005124942778549378,40010.588117853054,448.731877518348,21838.455021349804,55814.89656637018,47345.10405824825,13937.561899597718,2700.2233693549915,2467.1386375743427,2.685240725101854,1.289781297673621,0.8052431626999982,402745.05455357255,7.638497616905088e-6,6.705017439101418e-10,2.0701003450425626,7.890616517348934e-8,1.7908267785286218e-7,9.87802744921612
50.5,4.796356626487913e-6,5.499999999978197e6,3.1584762576077674e-6,1.517403652391556e-6,2.4880838155980357e6,0.01935386781063294,3192.965658454046,5284.435163928359,3316.931055205262,20877.497301609405,50.16466978190589,5.867520793112245,3.3549012239825154e-5,4.9782672274602056e8,0.0005972919155512822,6.74356966752623e-6,1.1976813429364844e6,0.003991369222702004,40170.233281245484,457.9300164184607,21383.33573590839,54436.82236074679,46176.14938037862,13811.403862492845,2731.229937743021,2375.2157882891074,2.6392584239061883,1.2475118842168444,0.7736430966567136,402717.7408065328,5.491497224559028e-6,4.858045039309156e-10,2.018989397996415,5.672759745022472e-8,1.3897752381910845e-7,9.883976120712964
51.0,4.002829904643693e-6,5.499999999983904e6,2.6006135991776864e-6,1.2586370470165457e-6,2.488833731309077e6,0.015073095934576362,3231.3170227107175,5153.962054562702,3274.6689991117455,20899.543182305424,45.39097218830106,5.795344818986002,2.491189466015439e-5,4.979569930334394e8,0.0004275504862270546,4.872147754948093e-6,1.1978272619070045e6,0.0031085257937927017,40329.23961952043,467.3190341725968,20939.25065852944,53092.77281794861,45036.05626675036,13683.810488988183,2763.6124590857653,2290.610954736704,2.5939246747158213,1.2065973275036845,0.7433046541532988,402690.69883521664,3.947967686812476e-6,3.522743099356306e-10,1.9691403818232338,4.0782968311281086e-8,1.0788199349876851e-7,9.889634672077454
51.5,3.3688311503489936e-6,5.499999999987969e6,2.1596232525475785e-6,1.0529528536321717e-6,2.4895364529222064e6,0.011739180808186775,3269.5152919826683,5026.710325092126,3232.47184863883,20921.501057577258,41.07152952682002,5.723997718592442,1.851418277991234e-5,4.980869380518971e8,0.00030622812318352493,3.522790582206818e-6,1.1979639978265793e6,0.0024209552056183837,40487.61001204454,476.9020803157955,20505.923873761174,51781.907890528404,43924.112131034264,13554.927577070514,2797.309448421751,2212.681078630942,2.549247398833219,1.1670084834054864,0.71418846082258,402663.92593557923,2.8382876688726347e-6,2.556676169723425e-10,1.9205221400172474,2.932002217998585e-8,8.376425412178905e-8,9.895017252635407
52.0,2.8593330204273385e-6,5.499999999990886e6,1.8088511887314889e-6,8.884706591552082e-7,2.490194950481713e6,0.009142687714351672,3307.5610765664496,4902.600442038032,3190.3621615979882,20943.37127831019,37.16311867359131,5.653475638717616,1.3772024686612241e-5,4.982165586135503e8,0.00021946807784084334,2.549165564005898e-6,1.1980921286078962e6,0.0018854662283623422,40645.34725556728,486.6823290113084,20083.086244537084,50503.40826644812,42839.621978431176,13424.894565983624,2832.265871735617,2140.838384600871,2.5052325342563075,1.1287152411032482,0.686255113677137,402637.41943043395,2.040512367460177e-6,1.857238968889449e-10,1.873104285169175,2.1079039327141477e-8,6.505285250878909e-8,9.900137321641875
52.5,2.4475919242528694e-6,5.4999999999929955e6,1.528154927176099e-6,7.56167658826269e-7,2.490812007119465e6,0.007120506724062604,3345.4549845036154,4781.5548350467225,3148.3613423478314,20965.154194084233,33.62662863849664,5.583774160924703,1.0254572592792278e-5,4.983458555285274e8,0.00015739062387900484,1.8461378687864946e-6,1.1982121957941323e6,0.0014684207230357,40802.454079873096,496.6629776567742,19670.475246162554,49256.474858332724,41781.90797197201,13293.844761002954,2868.432424697031,2074.5457820058627,2.4618842322081913,1.0916867426166315,0.6594653503094847,402611.17666919867,1.4669727693287213e-6,1.350469516474818e-10,1.8268571800155857,1.5154388954091002e-8,5.053180387360847e-8,9.905007681936302
53.0,2.113079840326865e-6,5.499999999994537e6,1.3022278370660974e-6,6.491535571714326e-7,2.4913902308177855e6,0.005545606159562511,3383.197621551626,4663.497848538125,3106.4896849958654,20986.850153158295,30.426669484129444,5.514888366904009,7.643689365089731e-6,4.9847482960493416e8,0.00011294869392816754,1.338123714931147e-6,1.1983247068477785e6,0.0011436207087384984,40958.93316008258,506.8472455274672,19267.834804329716,48040.32830506244,40750.30900934907,13161.905551000842,2905.76489618991,2013.312626268641,2.4192050366596587,1.0558915785770482,0.6337801958447806,402585.19502764003,1.054641540168888e-6,9.830179376582141e-11,1.7817519189468176,1.0894998737460332e-8,3.925975154266562e-8,9.909640511956283
53.5,1.8399573024258942e-6,5.499999999995669e6,1.119374186619103e-6,5.621381022586731e-7,2.4919320654320507e6,0.004319052467172299,3420.7895911628502,4548.355694523504,3064.7664151710596,21008.459502459085,27.531218408110924,5.446812897463641,5.704317948175211e-6,4.9860348164885867e8,8.111354668709235e-5,9.707491554867437e-7,1.1984301372954242e6,0.000890662755336401,41114.787126317955,517.2383724414001,18874.91513708387,46854.20848546001,39744.18031006767,13029.19861902056,2944.223605953089,1956.690815370911,2.377196048212526,1.0212979623674396,0.6091610898315908,402559.4719076191,7.582068334906887e-7,7.163768483338832e-11,1.7377603099644359,7.83280158715974e-9,3.0507630052574295e-8,9.914047396189995
54.0,1.6159403944417066e-6,5.499999999996514e6,9.706091278348707e-7,4.910380959274851e-7,2.492439801019624e6,0.0033637952019145846,3458.231494469966,4436.05640656843,3023.209730411268,21029.982587573624,24.911299463861297,5.379542005767011,4.26267808521482e-6,4.9873181246437687e8,5.829509335873037e-5,7.048726825020097e-7,1.1985289327375644e6,0.0006936563437519894,41270.01857129739,527.8396174340502,18491.47260066198,45697.37404382132,38762.89301269833,12895.840146071123,2983.7729070798005,1904.2711981540922,2.335857073613939,0.9878738845862834,0.5855699950740387,402534.0047368358,5.450928874467614e-7,5.227336960253489e-11,1.6948548570788387,5.631295368238218e-9,2.3710563953677323e-8,9.918239354143472
54.5,1.4314560026881468e-6,5.499999999997148e6,8.489940804830816e-7,4.3268589229846404e-7,2.4929155835187472e6,0.0026198267046149376,3495.5239302764053,4326.529794876967,2981.836839208277,21051.41975274468,22.54069372779718,5.313069605365984,3.190212632151091e-6,4.988598228535562e8,4.192912142574331e-5,5.122992200758934e-7,1.1986215107319264e6,0.0005402256949498366,41424.630056301554,538.6542574328786,18117.269539122564,44569.10192703522,37805.83378200691,12761.941008348935,3024.3807453493823,1855.6802721564236,2.295186762078844,0.9555872496383542,0.5629694902386493,402508.7909685763,3.918802137104381e-7,3.819871334643767e-11,1.6530087431374818,4.0485619560173995e-9,1.8430727775461456e-8,9.922226867895091
55.0,1.2790089835277371e-6,5.499999999997631e6,7.491434953794606e-7,3.846121097199308e-7,2.4933614238183307e6,0.002040412406741822,3532.667495050793,4219.707402472494,2940.663998752018,21072.77134086823,20.395677022678875,5.2473893135260665,2.391760014550343e-6,4.9898751361646247e8,3.0183257728499748e-5,3.727050606954341e-7,1.1987082625582695e6,0.00042073237222036,41578.62411586206,549.6855859237994,17752.074137684314,43468.68693303285,36872.40442573608,12627.606968086346,3066.018268419793,1810.5771498611628,2.2551827295100213,0.9244059961095916,0.5413228479109541,402483.82808146,2.81731986298819e-7,2.7959934962363955e-11,1.6121958130740193,2.9106812097241695e-9,1.4328652249961595e-8,9.92601990830623
55.5,1.1527058844429825e-6,5.4999999999979995e6,6.668570069015445e-7,3.448828815596417e-7,2.4937792062569396e6,0.001589154952885654,3569.662782924524,4115.522462450746,2899.706551414283,21094.03769349288,18.454782580322924,5.182494490293156,1.796835009902854e-6,4.991148855511628e8,2.174743585599543e-5,2.7143027603917796e-7,1.1987895548721247e6,0.00032766982750870126,41732.00326144632,560.936911603323,17395.66027969131,42395.44127031042,35962.02152081428,12492.938858221596,3108.6594788185953,1768.6507734007737,2.215841671622581,0.8942982024480393,0.520594099630201,402459.1135791897,2.0254381141714755e-7,2.0504914616587608e-11,1.5723905575687402,2.0926179391421687e-9,1.1141043570482805e-8,9.929627959953624
56.0,1.0478948914761697e-6,5.499999999998285e6,5.98843783102928e-7,3.119773881143523e-7,2.4941706965869367e6,0.001237707709896585,3606.510385691835,4013.9098562805802,2858.9789600110557,21115.219150820492,16.698586274692165,5.118378273708408,1.3531971231925232e-6,4.992419394537323e8,1.5684523638792775e-5,1.978929177514089e-7,1.1988657312544615e6,0.0002551918620370994,41884.76998435483,572.4115570114128,17047.807407122164,41348.69412826739,35074.116048767915,12358.03276107877,3152.28092545449,1729.617358936204,2.1771594669022614,0.8652321793466448,0.5007480892945217,402434.64499030367,1.456135530875505e-7,1.5071700948065836e-11,1.5335680971106556,1.5044812765207136e-9,8.66362834017183e-9,9.933060044845744
56.5,9.608924991254045e-7,5.499999999998512e6,5.425150084281366e-7,2.8469529050155453e-7,2.4945375494374093e6,0.0009639940254356221,3643.2108928118046,3914.806073128257,2818.494841881536,21136.31605170791,15.109512280870241,5.05503361153936,1.0221035617289547e-6,4.993686761182582e8,1.1323794615400733e-5,1.4444916886758337e-7,1.1989371136638275e6,0.00019874538252721637,42036.92675800022,584.1128571411481,16708.30038456162,40327.791258108045,34208.1330401179,12222.980181241264,3196.8614290487844,1693.2180530920746,2.1391312702545386,0.8371765501066313,0.4817505162033945,402410.4198679292,1.0468503922399246e-7,1.1108102979589536e-11,1.4957041664517992,1.0816463278526895e-9,6.737878984118792e-9,9.936324744982514
57.0,8.887752259758026e-7,5.499999999998689e6,4.958269724034665e-7,2.620864775198148e-7,2.494881315307438e6,0.0007508203694844705,3679.764891411917,3818.149170181185,2778.2670018206704,21157.328733669357,13.671657218758025,4.9924532898602045,7.748035085228286e-7,4.9949509633684504e8,8.18492260778639e-6,1.0557352346433087e-7,1.199004003797103e6,0.00015478438515730174,42188.47603970166,596.0441580221682,16376.929366553104,39332.09456405419,33363.53122754241,12087.868212796498,3242.3818374721113,1659.21678496431,2.101751598133834,0.8101003201514507,0.4635679688883622,402386.4357895382,7.526055923338114e-8,8.213663557966492e-12,1.4587750994443092,7.776524627500158e-10,5.24073715313806e-9,9.939430223814785
57.5,8.292203865530333e-7,5.499999999998829e6,4.5716194368566407e-7,2.433975531046981e-7,2.495203447119265e6,0.0005847962359144114,3716.172966292798,3723.8787339475252,2738.307463901038,21178.25753287966,12.370631024482712,4.930629958782668,5.899475936513788e-7,4.996212008996198e8,5.923729950176056e-6,7.726876673097992e-8,1.1990666843646166e6,0.00012054720139279993,42339.42027209896,608.2088152755719,16053.489668252527,38360.98170462358,32539.78270759395,11952.779701124833,3288.8248074787484,1627.3982983173862,2.0650144058792743,0.7839729367608872,0.4461679507764046,402362.69035670644,5.41066022242375e-8,6.0977580225289855e-12,1.422757814251135,5.590977664082667e-10,4.076654629408221e-9,9.942384246657202
58.0,7.803840824548144e-7,5.499999999998937e6,4.2523741212900957e-7,2.2803095671280775e-7,2.4955053063590513e6,0.0004554929518303381,3752.435699933918,3631.935842508292,2698.627502218814,21199.102784177812,11.193412959258362,4.8695561556100815,4.516725330095135e-7,4.997469905947361e8,4.2934455391629e-6,5.6641066586807226e-8,1.19912542028502e6,9.388301342936466e-5,42489.76188426868,620.61019263857,15737.78163930422,37413.84570373088,31736.372610761864,11817.793399400272,3336.174609770552,1597.5663496465957,2.0289131579248783,0.758764340001938,0.42951889863232084,402339.181194873,3.8898520474365935e-8,4.54931789100328e-12,1.3876297989212927,4.0196856142897555e-10,3.1714266418786467e-9,9.945194200105549
58.5,7.408076237494954e-7,5.499999999999031e6,3.990367548150371e-7,2.1551367826144601e-7,2.495788168831176e6,0.0003547885506104454,3788.553672500024,3542.263028699089,2659.237670597499,21219.86482107091,10.1282213164212,4.80922432566143,3.4818415231080705e-7,4.998724662083801e8,3.117025542491815e-6,4.1593770989242865e-8,1.1991804598049612e6,7.311674174520212e-5,42639.50329260643,633.2516604576696,15429.610540861459,36490.094571373906,30952.798779675813,11682.984119965768,3384.416954703912,1569.5420587921064,1.9934408914978752,0.7344450057474664,0.41359019463657126,402315.90595310397,2.7965069564409695e-8,3.414940495802811e-12,1.3533690973208123,2.8900062408581356e-10,2.467412153027235e-9,9.947867110507095
59.0,7.093458418180506e-7,5.4999999999990985e6,3.777561887655649e-7,2.054733142354757e-7,2.496053230050416e6,0.0002763575531342368,3824.527461848143,3454.8042441990588,2620.1478312821523,21240.54397573849,9.164395524054532,4.74962684098862,2.7070852118155977e-7,4.9999762852477485e8,2.2673681157785416e-6,3.0606601116124226e-8,1.1992320355482989e6,5.694381754373553e-5,42788.64690152606,646.1365941495786,15128.7864256755,35589.15093367221,30188.57145525134,11548.422880741124,3433.53883628451,1543.1623997529807,1.9585902743685473,0.7109859815946642,0.3983521728725971,402292.86230385717,2.0104752216929006e-8,2.5830517809262747e-12,1.319954295410726,2.0778210347234509e-10,1.9198278799201937e-9,9.95040966153011
59.5,6.851124274045687e-7,5.499999999999166e6,3.607642004651551e-7,1.9761979149579263e-7,2.496301610294773e6,0.0002152736048875867,3860.357643535023,3369.5048245049934,2581.3671826558266,21261.140579036903,8.292289464361073,4.690756017188941,2.1271513997122194e-7,5.0012247832618517e8,1.6531635664957179e-6,2.257631659607673e-8,1.1992803654992795e6,4.434823006060506e-5,42937.195104015314,659.268372629394,14835.124021178164,34710.4516720297,29443.2129705817,11414.17704681678,3483.5283923828665,1518.2788202590707,1.924353657168552,0.6883589164227248,0.3837761209221891,402270.04794274905,1.4453783523518737e-8,1.9724411451787486e-12,1.2873645078635738,1.4938966464203503e-10,1.4938739109234925e-9,9.952828210876492
60.0,6.674386814882897e-7,5.499999999999201e6,3.4757062393323254e-7,1.91731517028685e-7,2.4965343593403036e6,0.00016770000630483313,3896.044790824946,3286.311454769046,2542.9042860089785,21281.65496050403,7.5031749429567185,4.632604128495478,1.69341313104139e-7,5.0024701639292264e8,1.2087694613087628e-6,1.6701659820956128e-8,1.199325653923851e6,3.4538700713995e-5,43085.15028207892,672.6503767059271,14548.442615484626,33853.44757119836,28716.25745238556,11280.31046738227,3534.374779354627,1494.7559795163515,1.8907231207517115,0.6665360842623723,0.3698342771985259,402247.46058832546,1.0391168012945086e-8,1.523956109143293e-12,1.2555793650101463,1.0740797714757725e-10,1.1625036418741871e-9,9.955128806179376
